method,population,descriptor,rho_mean,rho_seeds,associated,clients
centralized,unseen,n,0.05496751374359727,"[0.051, 0.054, 0.06]",False,5423
centralized,unseen,label_entropy_norm,-0.021023655939895358,"[-0.027, -0.013, -0.022]",False,5423
centralized,unseen,dominant_class_share,0.008430837826444604,"[0.012, 0.002, 0.011]",False,5423
centralized,unseen,mean_label,0.017402996786950783,"[0.022, 0.011, 0.02]",False,5423
centralized,unseen,label_tv_to_global,-0.008616769466180096,"[-0.008, -0.006, -0.013]",False,5423
centralized,unseen,vocab_size,0.021008935074793064,"[0.013, 0.024, 0.026]",False,5423
centralized,unseen,mean_nnz_per_doc,-0.06011220277766619,"[-0.067, -0.055, -0.058]",False,5423
centralized,unseen,rare_feature_mass,-0.06636474065989446,"[-0.069, -0.065, -0.065]",False,5423
centralized,unseen,centroid_cosine_dist,-0.1483365648807109,"[-0.145, -0.147, -0.153]",False,5423
centralized,unseen,centroid_js_div,-0.04904416720747684,"[-0.042, -0.051, -0.054]",False,5423
centralized,unseen,mean_tokens_per_doc,-0.04654922471890103,"[-0.053, -0.042, -0.045]",False,5423
centralized,unseen,oov_token_rate,-0.018330786488943932,"[-0.02, -0.019, -0.016]",False,5423
centralized,unseen,unique_users_share,-0.03113915399525281,"[-0.027, -0.033, -0.033]",False,5423
centralized,seen,n,-0.13831379721268988,"[-0.144, -0.136, -0.135]",False,11783
centralized,seen,label_entropy_norm,-0.1030274911812628,"[-0.106, -0.1, -0.104]",False,11783
centralized,seen,dominant_class_share,0.09209839313029715,"[0.095, 0.089, 0.093]",False,11783
centralized,seen,mean_label,0.08441140727563044,"[0.086, 0.082, 0.085]",False,11783
centralized,seen,label_tv_to_global,0.044614367269665715,"[0.045, 0.047, 0.043]",False,11783
centralized,seen,vocab_size,-0.1723321357882993,"[-0.177, -0.17, -0.171]",False,11783
centralized,seen,mean_nnz_per_doc,-0.10765154176552805,"[-0.108, -0.106, -0.109]",False,11783
centralized,seen,rare_feature_mass,-0.0616780298078545,"[-0.061, -0.065, -0.059]",False,11783
centralized,seen,client_specific_share,-0.012582135127417599,"[-0.013, -0.013, -0.012]",False,11783
centralized,seen,centroid_cosine_dist,0.08101887460382153,"[0.085, 0.077, 0.081]",False,11783
centralized,seen,centroid_js_div,0.1651523894083197,"[0.17, 0.162, 0.164]",False,11783
centralized,seen,mean_tokens_per_doc,-0.1059649020479954,"[-0.106, -0.105, -0.107]",False,11783
centralized,seen,oov_token_rate,-0.02544242581413682,"[-0.023, -0.029, -0.024]",False,11783
centralized,seen,unique_users_share,0.05152545532108339,"[0.055, 0.049, 0.05]",False,11783
fedavg,unseen,n,-0.054502362173943754,"[-0.056, -0.056, -0.051]",False,5423
fedavg,unseen,label_entropy_norm,-0.752407515602601,"[-0.771, -0.755, -0.731]",True,5423
fedavg,unseen,dominant_class_share,0.7210813228280353,"[0.739, 0.725, 0.699]",True,5423
fedavg,unseen,mean_label,0.714333481162902,"[0.734, 0.72, 0.69]",True,5423
fedavg,unseen,label_tv_to_global,-0.1783326464755366,"[-0.186, -0.181, -0.168]",False,5423
fedavg,unseen,vocab_size,-0.19133320249968977,"[-0.19, -0.193, -0.191]",False,5423
fedavg,unseen,mean_nnz_per_doc,-0.27047164238557503,"[-0.265, -0.271, -0.276]",True,5423
fedavg,unseen,rare_feature_mass,-0.09862847266358242,"[-0.094, -0.098, -0.104]",False,5423
fedavg,unseen,centroid_cosine_dist,0.11454416890817026,"[0.121, 0.117, 0.106]",False,5423
fedavg,unseen,centroid_js_div,0.17120850191609324,"[0.172, 0.173, 0.168]",False,5423
fedavg,unseen,mean_tokens_per_doc,-0.25102178213450965,"[-0.246, -0.251, -0.256]",True,5423
fedavg,unseen,oov_token_rate,-0.01587313696512119,"[-0.01, -0.016, -0.022]",False,5423
fedavg,unseen,unique_users_share,0.019761882539738134,"[0.021, 0.02, 0.019]",False,5423
fedavg,seen,n,-0.2872927739801521,"[-0.291, -0.287, -0.284]",True,11783
fedavg,seen,label_entropy_norm,-0.5495899987934914,"[-0.552, -0.551, -0.546]",True,11783
fedavg,seen,dominant_class_share,0.5303914975158753,"[0.533, 0.532, 0.526]",True,11783
fedavg,seen,mean_label,0.536989752015021,"[0.541, 0.539, 0.531]",True,11783
fedavg,seen,label_tv_to_global,-0.03829203746443766,"[-0.039, -0.039, -0.037]",False,11783
fedavg,seen,vocab_size,-0.35870524123238456,"[-0.361, -0.358, -0.357]",True,11783
fedavg,seen,mean_nnz_per_doc,-0.21171113464784508,"[-0.209, -0.211, -0.215]",True,11783
fedavg,seen,rare_feature_mass,-0.06570158251061785,"[-0.065, -0.066, -0.067]",False,11783
fedavg,seen,client_specific_share,-0.03276098505038546,"[-0.034, -0.032, -0.032]",False,11783
fedavg,seen,centroid_cosine_dist,0.30174275633804337,"[0.306, 0.301, 0.298]",True,11783
fedavg,seen,centroid_js_div,0.3664253826914594,"[0.369, 0.366, 0.364]",True,11783
fedavg,seen,mean_tokens_per_doc,-0.2086013921361584,"[-0.206, -0.208, -0.211]",True,11783
fedavg,seen,oov_token_rate,0.023636699809121472,"[0.026, 0.023, 0.022]",False,11783
fedavg,seen,unique_users_share,0.10643033701360162,"[0.107, 0.106, 0.106]",False,11783
fednova,unseen,n,-0.04982223927999722,"[-0.054, -0.05, -0.045]",False,5423
fednova,unseen,label_entropy_norm,-0.7105810579394746,"[-0.719, -0.711, -0.702]",True,5423
fednova,unseen,dominant_class_share,0.6774364277158105,"[0.686, 0.678, 0.669]",True,5423
fednova,unseen,mean_label,0.666852431556895,"[0.676, 0.667, 0.657]",True,5423
fednova,unseen,label_tv_to_global,-0.15755711002057923,"[-0.159, -0.158, -0.156]",False,5423
fednova,unseen,vocab_size,-0.18981687850984041,"[-0.192, -0.19, -0.187]",False,5423
fednova,unseen,mean_nnz_per_doc,-0.2766678099111337,"[-0.276, -0.277, -0.278]",True,5423
fednova,unseen,rare_feature_mass,-0.10167199327870735,"[-0.1, -0.102, -0.102]",False,5423
fednova,unseen,centroid_cosine_dist,0.09984274832470003,"[0.105, 0.101, 0.094]",False,5423
fednova,unseen,centroid_js_div,0.16598841935612516,"[0.169, 0.166, 0.162]",False,5423
fednova,unseen,mean_tokens_per_doc,-0.2566048280593394,"[-0.256, -0.257, -0.257]",True,5423
fednova,unseen,oov_token_rate,-0.020201491256269008,"[-0.019, -0.021, -0.02]",False,5423
fednova,unseen,unique_users_share,0.01856600932666216,"[0.019, 0.019, 0.017]",False,5423
fednova,seen,n,-0.2815070542639588,"[-0.284, -0.281, -0.279]",True,11783
fednova,seen,label_entropy_norm,-0.5407195855671189,"[-0.543, -0.541, -0.539]",True,11783
fednova,seen,dominant_class_share,0.5207839216284632,"[0.523, 0.521, 0.519]",True,11783
fednova,seen,mean_label,0.5243858641592386,"[0.527, 0.524, 0.522]",True,11783
fednova,seen,label_tv_to_global,-0.03528540353703642,"[-0.036, -0.035, -0.035]",False,11783
fednova,seen,vocab_size,-0.35665188444640816,"[-0.358, -0.357, -0.355]",True,11783
fednova,seen,mean_nnz_per_doc,-0.21744924081539177,"[-0.216, -0.217, -0.219]",True,11783
fednova,seen,rare_feature_mass,-0.06922271201101397,"[-0.068, -0.069, -0.071]",False,11783
fednova,seen,client_specific_share,-0.03208978808223867,"[-0.033, -0.032, -0.031]",False,11783
fednova,seen,centroid_cosine_dist,0.2935706648679668,"[0.296, 0.294, 0.291]",True,11783
fednova,seen,centroid_js_div,0.3626049800692544,"[0.364, 0.363, 0.361]",True,11783
fednova,seen,mean_tokens_per_doc,-0.21432652451986578,"[-0.213, -0.214, -0.216]",True,11783
fednova,seen,oov_token_rate,0.019334392203969108,"[0.021, 0.019, 0.017]",False,11783
fednova,seen,unique_users_share,0.10719951675278229,"[0.108, 0.107, 0.107]",False,11783
fedadam,unseen,n,0.054045110900642186,"[0.044, 0.053, 0.065]",False,5423
fedadam,unseen,label_entropy_norm,-0.04463656197095237,"[-0.05, -0.037, -0.047]",False,5423
fedadam,unseen,dominant_class_share,0.036366232838021234,"[0.038, 0.033, 0.038]",False,5423
fedadam,unseen,mean_label,0.02193318645293324,"[0.025, 0.015, 0.026]",False,5423
fedadam,unseen,label_tv_to_global,-0.01834711749228589,"[-0.015, -0.022, -0.018]",False,5423
fedadam,unseen,vocab_size,-0.013740950195231036,"[-0.021, -0.017, -0.003]",False,5423
fedadam,unseen,mean_nnz_per_doc,-0.12106379863957312,"[-0.122, -0.127, -0.114]",False,5423
fedadam,unseen,rare_feature_mass,-0.09063818478045256,"[-0.095, -0.092, -0.085]",False,5423
fedadam,unseen,centroid_cosine_dist,-0.1244028467929571,"[-0.122, -0.119, -0.132]",False,5423
fedadam,unseen,centroid_js_div,-0.01953412700932242,"[-0.013, -0.016, -0.03]",False,5423
fedadam,unseen,mean_tokens_per_doc,-0.1077913604949219,"[-0.108, -0.115, -0.101]",False,5423
fedadam,unseen,oov_token_rate,-0.06573370878709651,"[-0.064, -0.071, -0.062]",False,5423
fedadam,unseen,unique_users_share,-0.01797296357272589,"[-0.022, -0.011, -0.022]",False,5423
fedadam,seen,n,-0.11998339456795383,"[-0.125, -0.117, -0.118]",False,11783
fedadam,seen,label_entropy_norm,-0.11863923175304554,"[-0.121, -0.116, -0.119]",False,11783
fedadam,seen,dominant_class_share,0.10963441518381262,"[0.112, 0.107, 0.11]",False,11783
fedadam,seen,mean_label,0.09180583431625795,"[0.095, 0.088, 0.092]",False,11783
fedadam,seen,label_tv_to_global,0.043658962166231795,"[0.042, 0.043, 0.046]",False,11783
fedadam,seen,vocab_size,-0.17440251853208563,"[-0.178, -0.175, -0.17]",False,11783
fedadam,seen,mean_nnz_per_doc,-0.13471814977863963,"[-0.133, -0.138, -0.133]",False,11783
fedadam,seen,rare_feature_mass,-0.07345515034720392,"[-0.074, -0.074, -0.072]",False,11783
fedadam,seen,client_specific_share,-0.011822668341214732,"[-0.014, -0.011, -0.01]",False,11783
fedadam,seen,centroid_cosine_dist,0.08649378706767656,"[0.091, 0.086, 0.083]",False,11783
fedadam,seen,centroid_js_div,0.1646961576597652,"[0.169, 0.165, 0.161]",False,11783
fedadam,seen,mean_tokens_per_doc,-0.1343209798585826,"[-0.133, -0.138, -0.132]",False,11783
fedadam,seen,oov_token_rate,-0.04668528311688366,"[-0.046, -0.049, -0.045]",False,11783
fedadam,seen,unique_users_share,0.05394920561127573,"[0.054, 0.058, 0.05]",False,11783
fedadagrad,unseen,n,0.057212277921751126,"[0.056, 0.057, 0.059]",False,5423
fedadagrad,unseen,label_entropy_norm,-0.04641786262683758,"[-0.056, -0.038, -0.045]",False,5423
fedadagrad,unseen,dominant_class_share,0.03303815873032991,"[0.039, 0.027, 0.032]",False,5423
fedadagrad,unseen,mean_label,0.025917144157734384,"[0.029, 0.02, 0.029]",False,5423
fedadagrad,unseen,label_tv_to_global,-0.014063488979405264,"[-0.013, -0.018, -0.011]",False,5423
fedadagrad,unseen,vocab_size,0.007286014444597678,"[-0.01, 0.014, 0.018]",False,5423
fedadagrad,unseen,mean_nnz_per_doc,-0.08838139516447012,"[-0.117, -0.075, -0.073]",False,5423
fedadagrad,unseen,rare_feature_mass,-0.08040002029799263,"[-0.094, -0.071, -0.077]",False,5423
fedadagrad,unseen,centroid_cosine_dist,-0.14195807962373388,"[-0.133, -0.146, -0.147]",False,5423
fedadagrad,unseen,centroid_js_div,-0.038322388932499535,"[-0.023, -0.044, -0.047]",False,5423
fedadagrad,unseen,mean_tokens_per_doc,-0.07421385529778411,"[-0.102, -0.062, -0.059]",False,5423
fedadagrad,unseen,oov_token_rate,-0.04251348804632798,"[-0.051, -0.042, -0.034]",False,5423
fedadagrad,unseen,unique_users_share,-0.022333541289220857,"[-0.018, -0.023, -0.026]",False,5423
fedadagrad,seen,n,-0.12627457845990428,"[-0.132, -0.123, -0.123]",False,11783
fedadagrad,seen,label_entropy_norm,-0.12325357997608662,"[-0.138, -0.115, -0.117]",False,11783
fedadagrad,seen,dominant_class_share,0.11252697065944221,"[0.128, 0.103, 0.106]",False,11783
fedadagrad,seen,mean_label,0.09691140579599722,"[0.109, 0.089, 0.092]",False,11783
fedadagrad,seen,label_tv_to_global,0.04679290022396584,"[0.04, 0.052, 0.048]",False,11783
fedadagrad,seen,vocab_size,-0.1725380023348059,"[-0.183, -0.166, -0.168]",False,11783
fedadagrad,seen,mean_nnz_per_doc,-0.12261699506390909,"[-0.132, -0.115, -0.12]",False,11783
fedadagrad,seen,rare_feature_mass,-0.06667623818181072,"[-0.07, -0.063, -0.067]",False,11783
fedadagrad,seen,client_specific_share,-0.011917924291429682,"[-0.012, -0.011, -0.013]",False,11783
fedadagrad,seen,centroid_cosine_dist,0.08531761789990698,"[0.095, 0.08, 0.082]",False,11783
fedadagrad,seen,centroid_js_div,0.16416186765201118,"[0.174, 0.158, 0.16]",False,11783
fedadagrad,seen,mean_tokens_per_doc,-0.12107138705686105,"[-0.13, -0.114, -0.119]",False,11783
fedadagrad,seen,oov_token_rate,-0.0401441876750769,"[-0.04, -0.04, -0.041]",False,11783
fedadagrad,seen,unique_users_share,0.05191236925530678,"[0.052, 0.053, 0.05]",False,11783
fedyogi,unseen,n,0.0514861365208501,"[0.044, 0.044, 0.067]",False,5423
fedyogi,unseen,label_entropy_norm,-0.03298336594382259,"[-0.031, -0.028, -0.041]",False,5423
fedyogi,unseen,dominant_class_share,0.02337249200281745,"[0.019, 0.02, 0.031]",False,5423
fedyogi,unseen,mean_label,0.014332504093107518,"[0.009, 0.009, 0.025]",False,5423
fedyogi,unseen,label_tv_to_global,-0.012715581069066647,"[-0.006, -0.014, -0.018]",False,5423
fedyogi,unseen,vocab_size,-0.006496425427703344,"[-0.011, -0.015, 0.006]",False,5423
fedyogi,unseen,mean_nnz_per_doc,-0.10508908990175096,"[-0.103, -0.11, -0.103]",False,5423
fedyogi,unseen,rare_feature_mass,-0.08973672640113166,"[-0.091, -0.091, -0.088]",False,5423
fedyogi,unseen,centroid_cosine_dist,-0.12741498743972435,"[-0.123, -0.12, -0.14]",False,5423
fedyogi,unseen,centroid_js_div,-0.025363596156522058,"[-0.02, -0.018, -0.038]",False,5423
fedyogi,unseen,mean_tokens_per_doc,-0.09275994790204416,"[-0.09, -0.098, -0.09]",False,5423
fedyogi,unseen,oov_token_rate,-0.06260930428251278,"[-0.065, -0.069, -0.054]",False,5423
fedyogi,unseen,unique_users_share,-0.019588811761518818,"[-0.025, -0.007, -0.027]",False,5423
fedyogi,seen,n,-0.12550826927736283,"[-0.128, -0.121, -0.127]",False,11783
fedyogi,seen,label_entropy_norm,-0.11432813728750361,"[-0.112, -0.115, -0.117]",False,11783
fedyogi,seen,dominant_class_share,0.10527341527307495,"[0.102, 0.105, 0.108]",False,11783
fedyogi,seen,mean_label,0.09093972092048935,"[0.089, 0.089, 0.094]",False,11783
fedyogi,seen,label_tv_to_global,0.04631674065139126,"[0.046, 0.047, 0.046]",False,11783
fedyogi,seen,vocab_size,-0.17197207968026781,"[-0.173, -0.173, -0.17]",False,11783
fedyogi,seen,mean_nnz_per_doc,-0.12334480490406984,"[-0.121, -0.128, -0.121]",False,11783
fedyogi,seen,rare_feature_mass,-0.06843436533832568,"[-0.071, -0.071, -0.064]",False,11783
fedyogi,seen,client_specific_share,-0.012303291207313721,"[-0.014, -0.011, -0.012]",False,11783
fedyogi,seen,centroid_cosine_dist,0.08507571000977926,"[0.087, 0.086, 0.082]",False,11783
fedyogi,seen,centroid_js_div,0.16356511317932898,"[0.165, 0.164, 0.162]",False,11783
fedyogi,seen,mean_tokens_per_doc,-0.12272135263917842,"[-0.121, -0.127, -0.12]",False,11783
fedyogi,seen,oov_token_rate,-0.03979263144080895,"[-0.039, -0.045, -0.035]",False,11783
fedyogi,seen,unique_users_share,0.05233220381217801,"[0.052, 0.056, 0.049]",False,11783
