regime,contrast,metric,mean_diff,ci95_low,ci95_high,per_seed,same_sign_3of3
yelp_iid,fedprox − fedavg,held_f1,-0.000570194216734358,-0.0007804236962812995,-0.00035996473718741647,"[-0.0005, -0.0006, -0.0006]",True
yelp_iid,fednova − fedavg,held_f1,8.790495544142019e-06,-2.9031954104711124e-05,4.661294519299516e-05,"[0.0, 0.0, 0.0]",False
yelp_iid,scaffold − fedavg,held_f1,-0.0002985963340887225,-0.0005697221236383522,-2.747054453909278e-05,"[-0.0002, -0.0004, -0.0003]",True
yelp_iid,fedadam − fedavg,held_f1,0.051834079769581244,0.05056837496826747,0.053099784570895016,"[0.0516, 0.0515, 0.0524]",True
yelp_iid,fedadagrad − fedavg,held_f1,0.05212387052178339,0.0511754044287341,0.05307233661483268,"[0.0523, 0.0517, 0.0524]",True
yelp_iid,fedyogi − fedavg,held_f1,0.0527994150864279,0.052076480413059435,0.05352234975979637,"[0.0528, 0.0525, 0.0531]",True
yelp_iid,fedyogi − centralized,held_f1,0.006921171034895313,0.006322165936188987,0.007520176133601638,"[0.0067, 0.007, 0.0071]",True
yelp_iid,fedadagrad − centralized,held_f1,0.006245626470250805,0.00586858990344754,0.00662266303705407,"[0.0062, 0.0062, 0.0064]",True
yelp_iid,fedadam − centralized,held_f1,0.005955835718048659,0.004613844301162779,0.007297827134934539,"[0.0054, 0.006, 0.0065]",True
yelp_dir01,fedprox − fedavg,held_f1,-0.0009363392881995466,-0.01792710015582676,0.01605442157942767,"[0.0061, -0.0076, -0.0013]",False
yelp_dir01,fednova − fedavg,held_f1,0.0007525649762774219,-0.0009699614475414397,0.0024750914000962834,"[0.0002, 0.0015, 0.0005]",True
yelp_dir01,scaffold − fedavg,held_f1,0.28039096148029224,-0.2935189194355265,0.8543008423961109,"[0.2346, 0.0757, 0.5309]",True
yelp_dir01,fedadam − fedavg,held_f1,0.33738845928707323,-0.2406503459744765,0.915427264548623,"[0.2879, 0.1334, 0.5909]",True
yelp_dir01,fedadagrad − fedavg,held_f1,0.3443567050856635,-0.2249710818625381,0.9136844920338651,"[0.2966, 0.1428, 0.5937]",True
yelp_dir01,fedyogi − fedavg,held_f1,0.33697644931887244,-0.2412293438487601,0.915182242486505,"[0.2877, 0.1328, 0.5904]",True
yelp_dir01,fedyogi − centralized,held_f1,-0.00542376831324302,-0.012522489098877175,0.0016749524723911361,"[-0.0086, -0.0032, -0.0045]",True
yelp_dir01,fedadagrad − centralized,held_f1,0.0019564874535481502,-0.008725233842855631,0.012638208749951932,"[0.0003, 0.0068, -0.0013]",False
yelp_dir01,fedadam − centralized,held_f1,-0.005011758345042157,-0.012649747945657508,0.0026262312555731943,"[-0.0085, -0.0025, -0.0041]",True
amazon_vg,fedprox − fedavg,held_f1,-0.001355982073120136,-0.0021160719670695527,-0.0005958921791707195,"[-0.0011, -0.0012, -0.0017]",True
amazon_vg,fednova − fedavg,held_f1,0.0051169379851365255,0.0019023174901955332,0.008331558480077519,"[0.006, 0.0057, 0.0036]",True
amazon_vg,scaffold − fedavg,held_f1,-0.024770408093136964,-0.03141033307604157,-0.01813048311023236,"[-0.0224, -0.0242, -0.0277]",True
amazon_vg,fedadam − fedavg,held_f1,0.3906186124155306,0.3803012237303718,0.4009360011006894,"[0.3888, 0.3954, 0.3877]",True
amazon_vg,fedadagrad − fedavg,held_f1,0.38739568964402693,0.3729756003622454,0.40181577892580844,"[0.3824, 0.3937, 0.3861]",True
amazon_vg,fedyogi − fedavg,held_f1,0.39810719441370085,0.3845160230244783,0.4116983658029234,"[0.3991, 0.403, 0.3922]",True
amazon_vg,fedyogi − centralized,held_f1,-0.004872091397289909,-0.00888654169017283,-0.0008576411044069875,"[-0.0038, -0.0041, -0.0067]",True
amazon_vg,fedadagrad − centralized,held_f1,-0.015583596166963845,-0.026350997785612514,-0.004816194548315179,"[-0.0206, -0.0133, -0.0128]",True
amazon_vg,fedadam − centralized,held_f1,-0.012360673395460209,-0.01629262639221795,-0.008428720398702466,"[-0.0142, -0.0117, -0.0112]",True
amazon_vg,fedyogi − centralized,unseen_cli_p10,-0.006981818702106217,-0.015037496849628948,0.0010738594454165135,"[-0.0059, -0.0044, -0.0106]",True
amazon_vg,fedadam − centralized,unseen_cli_p10,-0.015962205185052685,-0.018436520491990488,-0.013487889878114884,"[-0.0169, -0.0149, -0.0161]",True
amazon_vg,fedadagrad − centralized,unseen_cli_p10,-0.01720620126164561,-0.02488267087340751,-0.00952973164988371,"[-0.0207, -0.016, -0.0149]",True
amazon_vg,fedyogi − centralized,unseen_cli_mean,-0.0052128306796634565,-0.010906439882111483,0.00048077852278457026,"[-0.0045, -0.0034, -0.0078]",True
amazon_vg,fedadam − centralized,unseen_cli_mean,-0.012698994357132324,-0.015307836451842777,-0.01009015226242187,"[-0.0139, -0.012, -0.0122]",True
amazon_vg,fedadagrad − centralized,unseen_cli_mean,-0.01664335540225555,-0.028780335120131218,-0.004506375684379883,"[-0.0223, -0.0142, -0.0135]",True
