regime,method,seed,val_f1,ct_f1,ct_acc,held_f1,held_acc,seen_cli_mean,seen_cli_p10,seen_cli_worst,seen_cli_n,total_gb,wall_min,unseen_cli_mean,unseen_cli_p10,unseen_cli_worst,unseen_cli_n,gap_pooled
yelp_iid,centralized,42,0.9441067834723156,0.9469284576361445,0.9469285714285715,0.9478156174170045,0.9478157894736842,0.9468415422393468,0.9327677628676838,0.9171146953405017,100,0.0,10.511059439050001,,,,,
yelp_iid,centralized,123,0.943963883669446,0.9469641719984352,0.9469642857142857,0.9477366439098767,0.9477368421052632,0.9468437297949963,0.9360071942446044,0.9087396749267252,100,0.0,10.207789610983335,,,,,
yelp_iid,centralized,456,0.9441069112287686,0.9467678057948381,0.9467678571428572,0.9478156954768864,0.9478157894736842,0.9466654209074291,0.933986602178316,0.9220376522702104,100,0.0,10.518482601783338,,,,,
yelp_iid,local_only,42,0.8431218493689526,0.842139447654255,0.8422321428571429,,,0.8408172056347964,0.8170259223713656,0.7813278293773651,100,0.0,7.630553953950001,,,,,
yelp_iid,local_only,123,0.8474191332848189,0.846730608721969,0.8467678571428572,,,0.8455253051250938,0.8221938487435306,0.680412440474589,100,0.0,8.22514870018333,,,,,
yelp_iid,local_only,456,0.8482496746271722,0.8498373511730947,0.8498392857142857,,,0.8491111811332321,0.8151344927540751,0.7793293106210284,100,0.0,8.36802981738333,,,,,
yelp_iid,fedavg,42,0.9018014709006599,0.9041061299781408,0.9041071428571429,0.9016566164771709,0.9016578947368421,0.9038436402736234,0.8862689285993994,0.8654594952805689,100,1.00002,10.02837086329999,,,,,
yelp_iid,fedavg,123,0.9017853489873439,0.9044106008647468,0.9044107142857143,0.9022105130424242,0.9022105263157895,0.9041590158615948,0.8868033564256894,0.8698156572158804,100,1.00002,9.964679865516654,,,,,
yelp_iid,fedavg,456,0.9018893251585628,0.9041408538823341,0.9041428571428571,0.9018660951295747,0.9018684210526315,0.9039662096708767,0.8875949367836053,0.8625040711554024,100,1.00002,10.722396880716678,,,,,
yelp_iid,fedprox,42,0.9013728575958011,0.9036954446128,0.9036964285714286,0.9011829633376086,0.9011842105263158,0.9034381793631799,0.886573410470529,0.8654594952805689,100,1.00002,9.889024132066668,,,,,
yelp_iid,fedprox,123,0.9012674830864051,0.9040713184492176,0.9040714285714285,0.9015789375535783,0.901578947368421,0.9038169879545385,0.8868033564256894,0.8698156572158804,100,1.00002,10.241625109649991,,,,,
yelp_iid,fedprox,456,0.9014605239949269,0.9038729754165029,0.903875,0.9012607411077795,0.9012631578947369,0.9037057271456987,0.8875949367836053,0.8625040711554024,100,1.00002,10.096218001216675,,,,,
yelp_iid,fednova,42,0.9018373136647315,0.9040704810227105,0.9040714285714285,0.9016829879638033,0.9016842105263158,0.903812708703435,0.8862689285993994,0.8654594952805689,100,1.00002,10.003373450516666,,,,,
yelp_iid,fednova,123,0.9017853489873439,0.9044106008647468,0.9044107142857143,0.9022105130424242,0.9022105263157895,0.904158521941229,0.8868033564256894,0.8698156572158804,100,1.00002,10.187298585083347,,,,,
yelp_iid,fednova,456,0.9018535673976256,0.9041408224584522,0.9041428571428571,0.9018660951295747,0.9018684210526315,0.9039659014138514,0.8875949367836053,0.8625040711554024,100,1.00002,10.073426644983345,,,,,
yelp_iid,scaffold,42,0.9017825071839081,0.9042482994302568,0.90425,0.9014450827523381,0.9014473684210527,0.9039922395302216,0.8865758381129087,0.8673292441743816,100,2.00004,10.18855292603333,,,,,
yelp_iid,scaffold,123,0.9014640744401903,0.9041785474732082,0.9041785714285714,0.9017894725960053,0.9017894736842105,0.9039230913390326,0.8862025529012463,0.8698156572158804,100,2.00004,10.125951707733353,,,,,
yelp_iid,scaffold,456,0.9017468317112914,0.9042125263525248,0.9042142857142857,0.9016028802985603,0.9016052631578947,0.904042865925646,0.8859301369884952,0.8625040711554024,100,2.00004,10.183062863666692,,,,,
yelp_iid,fedadam,42,0.9512320958153986,0.9519106233667366,0.9519107142857143,0.9532104843218752,0.9532105263157895,0.9518496036062523,0.9412810486098014,0.9280303030303031,100,1.00002,9.866550177516638,,,,,
yelp_iid,fedadam,123,0.9510352840332548,0.9522495904671509,0.95225,0.9537366851175604,0.9537368421052631,0.9521238041597627,0.9404810709791553,0.9233472617212946,100,1.00002,10.442337374,,,,,
yelp_iid,fedadam,456,0.9514807964337721,0.9516417329981937,0.9516428571428571,0.9542882945184781,0.9542894736842106,0.951543581160076,0.9398333310834776,0.9329665394116327,100,1.00002,10.074914257816665,,,,,
yelp_iid,fedadagrad,42,0.9522678553011513,0.9533035326984975,0.9533035714285715,0.953973667349079,0.9539736842105263,0.953221247100437,0.9413282626877413,0.927284588203316,100,1.00002,13.125020644283328,,,,,
yelp_iid,fedadagrad,123,0.9522321032384249,0.9531783635381166,0.9531785714285714,0.9538945892026182,0.9538947368421052,0.9530731119655879,0.9415327510744249,0.925122031829969,100,1.00002,10.797004153583353,,,,,
yelp_iid,fedadagrad,456,0.9522141013362966,0.9528208506268487,0.9528214285714286,0.9542365796628229,0.9542368421052632,0.9527072640831524,0.9420213665418536,0.9252432350258437,100,1.00002,10.25808390768334,,,,,
yelp_iid,fedyogi,42,0.9515714013303418,0.9530357142857143,0.9530357142857143,0.9544736739954782,0.9544736842105264,0.9529118421480163,0.9405155734839602,0.9327040405203177,100,1.00002,10.706490064616657,,,,,
yelp_iid,fedyogi,123,0.9516606131521947,0.9535178297367561,0.9535178571428572,0.9547104878949776,0.9547105263157895,0.9534255710371738,0.9415877389040177,0.9215012175906032,100,1.00002,9.786082428783326,,,,,
yelp_iid,fedyogi,456,0.9518212218451406,0.9532320025382373,0.9532321428571429,0.9549473080179975,0.9549473684210527,0.9531005547017039,0.9418577152498692,0.9333908277882833,100,1.00002,10.187375215716687,,,,,
yelp_dir01,centralized,42,0.9441067834723156,0.9469284576361445,0.9469285714285715,0.9478156174170045,0.9478157894736842,0.8782460428250763,0.556115111345076,0.506384703736234,100,0.0,11.043829149316723,,,,,
yelp_dir01,centralized,123,0.943963883669446,0.9469641719984352,0.9469642857142857,0.9477366439098767,0.9477368421052632,0.8677039631005868,0.55003684593715,0.5126262626262627,100,0.0,10.62743985666663,,,,,
yelp_dir01,centralized,456,0.9441069112287686,0.9467678057948381,0.9467678571428572,0.9478156954768864,0.9478157894736842,0.8797733037629715,0.6016827108448819,0.48579545454545453,100,0.0,9.907834235933358,,,,,
yelp_dir01,local_only,42,0.9479765430197187,0.9492069279101988,0.9492142857142857,,,0.7725917147945378,0.47401125957558415,0.43174924165824063,100,0.0,7.682628745133358,,,,,
yelp_dir01,local_only,123,0.9684996958854568,0.9690177219016567,0.9690178571428572,,,0.7810346323231121,0.47364841890513437,0.43529411764705883,100,0.0,7.565849145333353,,,,,
yelp_dir01,local_only,456,0.9743496674865126,0.9742425247798733,0.97425,,,0.8102708203730282,0.4876261313641747,0.42649350649350654,100,0.0,8.056593732016639,,,,,
yelp_dir01,fedavg,42,0.6470498718063747,0.6498917451926143,0.684125,0.6515013737915747,0.6853684210526316,0.6644028545512785,0.35190272457533267,0.2643607337907856,100,1.00002,9.704119907849963,,,,,
yelp_dir01,fedavg,123,0.8114985347061852,0.8124247730889891,0.8160535714285714,0.8117648566351792,0.8154210526315789,0.7674805680368415,0.5224781274400934,0.41235557026982284,100,1.00002,9.692123608266654,,,,,
yelp_dir01,fedavg,456,0.35140897497310797,0.35298007523106645,0.5089642857142858,0.3529010734806675,0.5089210526315789,0.44386958243567465,0.02758058424782945,0.010948905109489052,100,1.00002,9.610912351450013,,,,,
yelp_dir01,fedprox,42,0.6544831554799264,0.6575348400658181,0.6897142857142857,0.6575819481712935,0.6898157894736842,0.6696455334302444,0.35943666443016364,0.27293653636753784,100,1.00002,10.38993265145,,,,,
yelp_dir01,fedprox,123,0.8032740323125687,0.8035393177028229,0.8078571428571428,0.8041809984024946,0.8084473684210526,0.7610907476377009,0.5223844395536964,0.4031746231234722,100,1.00002,11.497535549333286,,,,,
yelp_dir01,fedprox,456,0.3500187065187386,0.3515632624048023,0.5083214285714286,0.35159533946903476,0.5083157894736842,0.4428188073264055,0.02381913283773425,0.010948905109489052,100,1.00002,11.040840042816672,,,,,
yelp_dir01,fednova,42,0.6471225946448572,0.6500123650488931,0.6842142857142857,0.6517142317188704,0.6855263157894737,0.6644941870680913,0.35190272457533267,0.2643607337907856,100,1.00002,11.497828376050045,,,,,
yelp_dir01,fednova,123,0.8131339182417521,0.8140553839226504,0.8175535714285714,0.8132994810802223,0.8168157894736842,0.7684504743470587,0.522546895001084,0.41235557026982284,100,1.00002,11.871633914950023,,,,,
yelp_dir01,fednova,456,0.35187172536298156,0.353287839856768,0.5091071428571429,0.3534112860371609,0.5091578947368421,0.44410664083859785,0.02758058424782945,0.010948905109489052,100,1.00002,11.53140638519999,,,,,
yelp_dir01,scaffold,42,0.8853458400771079,0.8881605284956287,0.8883571428571428,0.886082177880865,0.8862894736842105,0.8299409935086193,0.5169220550271617,0.4720798843778741,100,2.00004,11.904287906083361,,,,,
yelp_dir01,scaffold,123,0.888222908379887,0.8895567315870532,0.8895714285714286,0.8874628993530915,0.8874736842105263,0.8176600904492898,0.5052864701088385,0.4811173533083645,100,2.00004,11.575303699033308,,,,,
yelp_dir01,scaffold,456,0.8824951439575354,0.8850639199035997,0.8852857142857142,0.8837951111143416,0.8840263157894737,0.825879002576894,0.5287093411239,0.462280966924833,100,2.00004,11.291346921916677,,,,,
yelp_dir01,fedadam,42,0.9368999594081091,0.9376766512086248,0.9377321428571429,0.9393655200140018,0.9394210526315789,0.8748992521302109,0.5712996785313114,0.4981420765027323,100,1.00002,11.38994193076663,,,,,
yelp_dir01,fedadam,123,0.9408028388448255,0.9442677099747787,0.9442678571428571,0.9452103296193552,0.9452105263157895,0.8648800600519856,0.5492692662482501,0.5066468408087175,100,1.00002,10.063971769633342,,,,,
yelp_dir01,fedadam,456,0.9396373683780028,0.9430289986835999,0.9430357142857143,0.943756832135284,0.9437631578947369,0.8768205818806554,0.5983668347869731,0.4872521246458923,100,1.00002,10.152410994900007,,,,,
yelp_dir01,fedadagrad,42,0.9462690719064722,0.9473443535910455,0.947375,0.9481004262282118,0.9481315789473684,0.8849361006709866,0.6092300190118393,0.5047037777543933,100,1.00002,10.126102959049968,,,,,
yelp_dir01,fedadagrad,123,0.9514989220882888,0.9525519535803075,0.9525535714285714,0.9545779054283514,0.9545789473684211,0.8765820935621791,0.6022793567735009,0.5136393018745959,100,1.00002,11.31626519336672,,,,,
yelp_dir01,fedadagrad,456,0.9436787018294424,0.9439136877767913,0.9439642857142857,0.9465590875078488,0.9466052631578947,0.8793590888705006,0.6173017914827867,0.49505281454739936,100,1.00002,11.839436065983318,,,,,
yelp_dir01,fedyogi,42,0.936614962522256,0.9373199894763891,0.937375,0.9391816243691749,0.9392368421052631,0.874411841276552,0.5709059890617452,0.4981420765027323,100,1.00002,11.387393538283323,,,,,
yelp_dir01,fedyogi,123,0.9402499663906061,0.9437320364755244,0.9437321428571429,0.9445789214233731,0.9445789473684211,0.8650309274620481,0.5452310188712884,0.5066468408087175,100,1.00002,11.515260178216703,,,,,
yelp_dir01,fedyogi,456,0.9392985959071363,0.9425652675242331,0.9425714285714286,0.9433361060714904,0.9433421052631579,0.8764271068452235,0.6008870287993914,0.4872521246458923,100,1.00002,10.541651840000002,,,,,
amazon_vg,centralized,42,0.5789798586744624,0.5803736767163784,0.7947351361929573,0.5770547380555235,0.7887668371701785,0.6116641928458141,0.3557692307692307,0.0,11783,0.0,39.562558897849996,0.5467375042893091,0.397436411902704,0.17591036414565825,5423,0.0033189386608548643
amazon_vg,centralized,123,0.5850780492666443,0.5873590867222005,0.795080663902445,0.5830102051714205,0.7886875524177513,0.6126091278748362,0.3558462959651946,0.0,11783,0.0,40.99067989461667,0.5503634984477555,0.3987307781649245,0.18378378378378377,5423,0.004348881550779948
amazon_vg,centralized,456,0.5801515916160473,0.5828996096623978,0.7947045585195514,0.578307709055504,0.7882217544972417,0.6094357499980123,0.35416666666666663,0.0,11783,0.0,40.62898316796668,0.5460045629489543,0.39585018585018583,0.17591036414565825,5423,0.004591900606893851
amazon_vg,local_only,42,0.22203836816284897,0.22236616589476835,0.6375567215841681,,,0.26334709913864696,0.11578947368421051,0.0,11783,0.0,46.401837810866645,,,,,
amazon_vg,local_only,123,0.22149108263951023,0.22161619358947263,0.6372173094093616,,,0.26323713864453036,0.11538461538461538,0.0,11783,0.0,46.843900567150015,,,,,
amazon_vg,local_only,456,0.22180151076861487,0.22231654965736639,0.6375261439107621,,,0.26335343399108707,0.11580097785447224,0.0,11783,0.0,45.75560829141666,,,,,
amazon_vg,fedavg,42,0.17629374644882487,0.17753406909362074,0.627875830183833,0.17412381954782388,0.6183950536225079,0.27186079951935005,0.11238764044943822,0.0,11783,216.904338,20.018499910133322,0.1802904656537136,0.11362088974854932,0.0,5423,0.0034102495457968562
amazon_vg,fedavg,123,0.1781778278020981,0.17939203826173683,0.6285057302559963,0.17592719592990247,0.6190144657508452,0.27294948776924793,0.11397979797979799,0.0,11783,216.904338,21.572876694050017,0.1819090553977694,0.1142857142857143,0.0,5423,0.0034648423318343613
amazon_vg,fedavg,456,0.18203257725541278,0.18284348170110112,0.6295881798945682,0.17938377937174965,0.6201269299333388,0.27513515595711824,0.1142857142857143,0.0,11783,216.904338,24.837890447716685,0.18451860475636833,0.11578947368421051,0.019047619047619046,5423,0.0034597023293514717
amazon_vg,fedprox,42,0.17511041742724504,0.1764154363829734,0.6275058403356205,0.1729953740314038,0.6180147345757089,0.2710729300907145,0.1111497584541063,0.0,11783,216.904338,27.652931881133313,0.17939628616346312,0.11333333333333333,0.0,5423,0.0034200623515696082
amazon_vg,fedprox,123,0.17682740377527062,0.17803950290907614,0.6280562384569283,0.17469152351445444,0.6185982208006026,0.2721261256946673,0.11205614035087723,0.0,11783,216.904338,29.329989658783354,0.1807664317556768,0.11362088974854932,0.0,5423,0.0033479793946216974
amazon_vg,fedprox,456,0.18006040012088667,0.18102900252451723,0.6289857997284702,0.17767995108425727,0.6195483990054719,0.2740805997021652,0.1142857142857143,0.0,11783,216.904338,28.514187244166713,0.18318750700165493,0.11538461538461538,0.019047619047619046,5423,0.003349051440259959
amazon_vg,fednova,42,0.1827589280508385,0.18381535479873912,0.6299000721633092,0.1801501825558165,0.620373455960417,0.27606468299652315,0.1142857142857143,0.0,11783,216.904338,26.788458128900007,0.18543837215788153,0.11596710316063708,0.0,5423,0.0036651722429226208
amazon_vg,fednova,123,0.18416789039267148,0.18534129423189222,0.6303984882398268,0.1816162115535045,0.6208603138932901,0.2769979763271209,0.11538461538461538,0.0,11783,216.904338,26.663390561233367,0.186605637960746,0.11666666666666667,0.019047619047619046,5423,0.0037250826783877256
amazon_vg,fednova,456,0.1856004933069311,0.1869111167020376,0.6309121931530474,0.1830192146955644,0.6213261118137997,0.2781995945256233,0.11538461538461538,0.0,11783,216.904338,26.70397184049998,0.18785040677421502,0.11743119266055047,0.019047619047619046,5423,0.0038919020064732135
amazon_vg,scaffold,42,0.15278530028177104,0.15308906690021215,0.6200173681184946,0.1517078568566883,0.6110054669314448,0.25568002991192484,0.11070041931977016,0.0,11783,433.808676,54.08731253338331,0.16253360302038633,0.10588235294117647,0.0,5423,0.001381210043523845
amazon_vg,scaffold,123,0.15278530028177104,0.15308906690021215,0.6200173681184946,0.1517078568566883,0.6110054669314448,0.25568002991192484,0.11070041931977016,0.0,11783,433.808676,46.78900406046669,0.16253360302038633,0.10588235294117647,0.0,5423,0.001381210043523845
amazon_vg,scaffold,456,0.15278530028177104,0.15308906690021215,0.6200173681184946,0.1517078568566883,0.6110054669314448,0.25568002991192484,0.11070041931977016,0.0,11783,433.808676,54.97817728049995,0.16253360302038633,0.10588235294117647,0.0,5423,0.001381210043523845
amazon_vg,fedadam,42,0.5655925498188108,0.5687571728273554,0.7889773602906102,0.5628891138118014,0.7817043000828774,0.5967424646062058,0.33436548636548635,0.0,11783,216.904338,23.295166197433335,0.5328287446695121,0.380533231474408,0.17192982456140352,5423,0.005868059015553984
amazon_vg,fedadam,123,0.5762142576165966,0.5768573141626361,0.7876655781014934,0.571303116851425,0.7803861910737757,0.6009766472359658,0.33964835164835167,0.0,11783,216.904338,22.69578646018333,0.538341992598409,0.3838118011432215,0.14162679425837318,5423,0.005554197311211095
amazon_vg,fedadam,456,0.570786906345083,0.5720883524527343,0.7872222018371067,0.5670984014328411,0.7799649908265064,0.5956316794656992,0.3333333333333333,0.0,11783,216.904338,23.653532215799995,0.5338378453467008,0.3797857277450268,0.16551724137931034,5423,0.004989951019893191
amazon_vg,fedadagrad,42,0.5591633169368367,0.5597715209860085,0.784827970009418,0.5564749502964493,0.7783384145774928,0.5895315259947664,0.3333333333333333,0.0,11783,216.904338,23.195136849199994,0.524469315533827,0.3767195778639305,0.16000000000000003,5423,0.0032965706895591307
amazon_vg,fedadagrad,123,0.5731546734657954,0.5729082675968736,0.7875646717792537,0.5696675728026458,0.7812013374346675,0.5969927581438755,0.3333333333333333,0.0,11783,216.904338,23.00274926953333,0.5361558648276571,0.3827268133165661,0.13333333333333336,5423,0.0032406947942278386
amazon_vg,fedadagrad,456,0.5685467589429614,0.5692031037447907,0.7874148411795643,0.5654793406824614,0.7807033300834844,0.5947301925200058,0.3333333333333333,0.0,11783,216.904338,23.14808445070001,0.5325503191177681,0.38095238095238093,0.17600000000000002,5423,0.003723763062329244
amazon_vg,fedyogi,42,0.575871586276931,0.577973211550073,0.7896164336647953,0.5732619237536484,0.7827188971490937,0.6053686583294257,0.34695640616693246,0.0,11783,216.904338,23.096889476400005,0.5422218230919108,0.39152877066297403,0.17192982456140352,5423,0.004711287796424601
amazon_vg,fedyogi,123,0.5833339405495135,0.5841925060093869,0.7880111058109811,0.5789167831111331,0.7809449008135358,0.6085740267466289,0.35,0.0,11783,216.904338,23.572533083100005,0.5470131306590313,0.3943184223184223,0.14162679425837318,5423,0.005275722898253732
amazon_vg,fedyogi,456,0.5750328263985679,0.5756988233642835,0.7876013649873408,0.5715776712257968,0.7808965866675256,0.6012826175084427,0.34375,0.0,11783,216.904338,23.33131375076667,0.5382321198960863,0.3852247268300994,0.16551724137931034,5423,0.004121152138486628
