method,evaluated_records_bin,seen_mean_client_f1,unseen_mean_client_f1,seen_clients,unseen_clients,note
centralized,20-30,0.5694,0.5509,1157,1379,"bins on EVALUATED records: seen clients here are large products, unseen ones small; not size-matched"
centralized,30-50,0.5642,0.5428,1003,1297,"bins on EVALUATED records: seen clients here are large products, unseen ones small; not size-matched"
centralized,50-100,0.5518,0.5439,734,1183,"bins on EVALUATED records: seen clients here are large products, unseen ones small; not size-matched"
centralized,100-inf,0.5636,0.5518,482,1564,"bins on EVALUATED records: seen clients here are large products, unseen ones small; not size-matched"
fedavg,20-30,0.2139,0.1983,1157,1379,"bins on EVALUATED records: seen clients here are large products, unseen ones small; not size-matched"
fedavg,30-50,0.1973,0.1863,1003,1297,"bins on EVALUATED records: seen clients here are large products, unseen ones small; not size-matched"
fedavg,50-100,0.187,0.1732,734,1183,"bins on EVALUATED records: seen clients here are large products, unseen ones small; not size-matched"
fedavg,100-inf,0.1818,0.1715,482,1564,"bins on EVALUATED records: seen clients here are large products, unseen ones small; not size-matched"
fednova,20-30,0.2179,0.2024,1157,1379,"bins on EVALUATED records: seen clients here are large products, unseen ones small; not size-matched"
fednova,30-50,0.2014,0.1903,1003,1297,"bins on EVALUATED records: seen clients here are large products, unseen ones small; not size-matched"
fednova,50-100,0.1911,0.1782,734,1183,"bins on EVALUATED records: seen clients here are large products, unseen ones small; not size-matched"
fednova,100-inf,0.1869,0.1761,482,1564,"bins on EVALUATED records: seen clients here are large products, unseen ones small; not size-matched"
scaffold,20-30,0.1924,0.1813,1157,1379,"bins on EVALUATED records: seen clients here are large products, unseen ones small; not size-matched"
scaffold,30-50,0.1735,0.167,1003,1297,"bins on EVALUATED records: seen clients here are large products, unseen ones small; not size-matched"
scaffold,50-100,0.1629,0.153,734,1183,"bins on EVALUATED records: seen clients here are large products, unseen ones small; not size-matched"
scaffold,100-inf,0.1549,0.1495,482,1564,"bins on EVALUATED records: seen clients here are large products, unseen ones small; not size-matched"
fedadam,20-30,0.5609,0.5389,1157,1379,"bins on EVALUATED records: seen clients here are large products, unseen ones small; not size-matched"
fedadam,30-50,0.5527,0.5278,1003,1297,"bins on EVALUATED records: seen clients here are large products, unseen ones small; not size-matched"
fedadam,50-100,0.5425,0.5328,734,1183,"bins on EVALUATED records: seen clients here are large products, unseen ones small; not size-matched"
fedadam,100-inf,0.5564,0.5392,482,1564,"bins on EVALUATED records: seen clients here are large products, unseen ones small; not size-matched"
fedadagrad,20-30,0.5555,0.5335,1157,1379,"bins on EVALUATED records: seen clients here are large products, unseen ones small; not size-matched"
fedadagrad,30-50,0.5465,0.5269,1003,1297,"bins on EVALUATED records: seen clients here are large products, unseen ones small; not size-matched"
fedadagrad,50-100,0.538,0.5274,734,1183,"bins on EVALUATED records: seen clients here are large products, unseen ones small; not size-matched"
fedadagrad,100-inf,0.5503,0.5351,482,1564,"bins on EVALUATED records: seen clients here are large products, unseen ones small; not size-matched"
fedyogi,20-30,0.5684,0.5468,1157,1379,"bins on EVALUATED records: seen clients here are large products, unseen ones small; not size-matched"
fedyogi,30-50,0.5587,0.5366,1003,1297,"bins on EVALUATED records: seen clients here are large products, unseen ones small; not size-matched"
fedyogi,50-100,0.5488,0.5392,734,1183,"bins on EVALUATED records: seen clients here are large products, unseen ones small; not size-matched"
fedyogi,100-inf,0.5619,0.5461,482,1564,"bins on EVALUATED records: seen clients here are large products, unseen ones small; not size-matched"
