,Held-out macro-F1,Held-out acc.,Seen client-test macro-F1,Seen−unseen gap (pooled F1),Unseen: mean client F1,Unseen: P10 client F1,Unseen: worst client F1,Seen: mean client F1,Seen: P10 client F1,Comm. (GB),"Rank by held-out F1, mean [min–max]"
Centralized,0.5795 ± 0.0031,0.7886 ± 0.0003,0.5835 ± 0.0035,0.0041 ± 0.0007,0.5477 ± 0.0023,0.3973 ± 0.0014,0.1785 ± 0.0045,0.6112 ± 0.0016,0.3553 ± 0.0009,0.00,1.0 [1–1]
Local-only,—,—,0.2221 ± 0.0004,—,—,—,—,0.2633 ± 0.0001,0.1157 ± 0.0002,0.00,—
FedAvg,0.1765 ± 0.0027,0.6192 ± 0.0009,0.1799 ± 0.0027,0.0034 ± 0.0000,0.1822 ± 0.0021,0.1146 ± 0.0011,0.0063 ± 0.0110,0.2733 ± 0.0017,0.1136 ± 0.0010,216.90,6.0 [6–6]
FedProx,0.1751 ± 0.0024,0.6187 ± 0.0008,0.1785 ± 0.0023,0.0034 ± 0.0000,0.1811 ± 0.0019,0.1141 ± 0.0011,0.0063 ± 0.0110,0.2724 ± 0.0015,0.1125 ± 0.0016,216.90,7.0 [7–7]
FedNova,0.1816 ± 0.0014,0.6209 ± 0.0005,0.1854 ± 0.0015,0.0038 ± 0.0001,0.1866 ± 0.0012,0.1167 ± 0.0007,0.0127 ± 0.0110,0.2771 ± 0.0011,0.1150 ± 0.0006,216.90,5.0 [5–5]
SCAFFOLD,0.1517 ± 0.0000,0.6110 ± 0.0000,0.1531 ± 0.0000,0.0014 ± 0.0000,0.1625 ± 0.0000,0.1059 ± 0.0000,0.0000 ± 0.0000,0.2557 ± 0.0000,0.1107 ± 0.0000,433.81,8.0 [8–8]
FedAdam,0.5671 ± 0.0042,0.7807 ± 0.0009,0.5726 ± 0.0041,0.0055 ± 0.0004,0.5350 ± 0.0029,0.3814 ± 0.0021,0.1597 ± 0.0160,0.5978 ± 0.0028,0.3358 ± 0.0034,216.90,3.0 [3–3]
FedAdagrad,0.5639 ± 0.0067,0.7801 ± 0.0015,0.5673 ± 0.0068,0.0034 ± 0.0003,0.5311 ± 0.0060,0.3801 ± 0.0031,0.1564 ± 0.0216,0.5938 ± 0.0038,0.3333 ± 0.0000,216.90,4.0 [4–4]
FedYogi,0.5746 ± 0.0038,0.7815 ± 0.0010,0.5793 ± 0.0044,0.0047 ± 0.0006,0.5425 ± 0.0044,0.3904 ± 0.0047,0.1597 ± 0.0160,0.6051 ± 0.0037,0.3469 ± 0.0031,216.90,2.0 [2–2]
