,Held-out macro-F1,Held-out acc.,Seen: mean client F1,Seen: P10 client F1,Seen: worst client F1,Comm. (GB),"Rank by held-out F1, mean [min–max]"
Centralized,0.9478 ± 0.0000,0.9478 ± 0.0000,0.9468 ± 0.0001,0.9343 ± 0.0016,0.9160 ± 0.0067,0.00,4.0 [4–4]
Local-only,—,—,0.8452 ± 0.0042,0.8181 ± 0.0037,0.7470 ± 0.0577,0.00,—
FedAvg,0.9019 ± 0.0003,0.9019 ± 0.0003,0.9040 ± 0.0002,0.8869 ± 0.0007,0.8659 ± 0.0037,1.00,5.7 [5–6]
FedProx,0.9013 ± 0.0002,0.9013 ± 0.0002,0.9037 ± 0.0002,0.8870 ± 0.0005,0.8659 ± 0.0037,1.00,8.0 [8–8]
FedNova,0.9019 ± 0.0003,0.9019 ± 0.0003,0.9040 ± 0.0002,0.8869 ± 0.0007,0.8659 ± 0.0037,1.00,5.3 [5–5]
SCAFFOLD,0.9016 ± 0.0002,0.9016 ± 0.0002,0.9040 ± 0.0001,0.8862 ± 0.0003,0.8665 ± 0.0037,2.00,7.0 [7–7]
FedAdam,0.9537 ± 0.0005,0.9537 ± 0.0005,0.9518 ± 0.0003,0.9405 ± 0.0007,0.9281 ± 0.0048,1.00,2.7 [2–3]
FedAdagrad,0.9540 ± 0.0002,0.9540 ± 0.0002,0.9530 ± 0.0003,0.9416 ± 0.0004,0.9259 ± 0.0012,1.00,2.3 [2–3]
FedYogi,0.9547 ± 0.0002,0.9547 ± 0.0002,0.9531 ± 0.0003,0.9413 ± 0.0007,0.9292 ± 0.0067,1.00,1.0 [1–1]
