regime,metric,method,reference,seeds,positive_diffs,negative_diffs,n,mean_diff,diff_ci95_low,diff_ci95_high,cohens_dz,t_p,wilcoxon_p,rank_biserial,wilcoxon_min_p,wilcoxon_p_holm
amazon_vg,held_macro_f1,centralized,fedavg,3,3,0,3,0.4029792858109907,0.3928446130191411,0.4131139586028403,98.77536862782162,3.416324938231187e-05,0.25,1.0,0.25,1.0
amazon_vg,held_macro_f1,fedprox,fedavg,3,0,3,3,-0.0013559820731201637,-0.0021160719670694503,-0.0005958921791708769,-4.431641876980324,0.016552406359468433,0.25,-1.0,0.25,1.0
amazon_vg,held_macro_f1,fednova,fedavg,3,3,0,3,0.0051169379851364605,0.0019023174901954929,0.008331558480077429,3.954177059957634,0.02066058945506179,0.25,1.0,0.25,1.0
amazon_vg,held_macro_f1,scaffold,fedavg,3,0,3,3,-0.02477040809313703,-0.0314103330760416,-0.018130483110232458,-9.267138565274905,0.0038589387333382123,0.25,-1.0,0.25,1.0
amazon_vg,held_macro_f1,fedadam,fedavg,3,3,0,3,0.3906186124155305,0.3803012237303716,0.40093600110068933,94.05000195532199,3.768222853375211e-05,0.25,1.0,0.25,1.0
amazon_vg,held_macro_f1,fedadagrad,fedavg,3,3,0,3,0.3873956896440269,0.37297560036224536,0.4018157789258084,66.7363580910757,7.4835038570333e-05,0.25,1.0,0.25,1.0
amazon_vg,held_macro_f1,fedyogi,fedavg,3,3,0,3,0.39810719441370085,0.3845160230244783,0.4116983658029234,72.76437524335897,6.295063646714704e-05,0.25,1.0,0.25,1.0
amazon_vg,held_accuracy,centralized,fedavg,3,3,0,3,0.1693798982594932,0.16648227632330032,0.1722775201956861,145.20976239973928,1.5807996008493952e-05,0.25,1.0,0.25,1.0
amazon_vg,held_accuracy,fedprox,fedavg,3,0,3,3,-0.00045836497496953843,-0.0007207040291509542,-0.00019602592078812268,-4.340343924850472,0.017237988421362652,0.25,-1.0,0.25,1.0
amazon_vg,held_accuracy,fednova,fedavg,3,3,0,3,0.001674477453604976,0.0006387914181936617,0.0027101634890162904,4.016306532822778,0.020045265237588098,0.25,1.0,0.25,1.0
amazon_vg,held_accuracy,scaffold,fedavg,3,0,3,3,-0.008173349504119224,-0.010353323302810975,-0.005993375705427471,-9.313747599481752,0.003820633103637035,0.25,-1.0,0.25,1.0
amazon_vg,held_accuracy,fedadam,fedavg,3,3,0,3,0.16150634422548918,0.157185176859902,0.16582751159107637,92.8462071551698,3.8665641684356065e-05,0.25,1.0,0.25,1.0
amazon_vg,held_accuracy,fedadagrad,fedavg,3,3,0,3,0.16090221092965087,0.15802881452358566,0.16377560733571608,139.10480615575733,1.72259527916937e-05,0.25,1.0,0.25,1.0
amazon_vg,held_accuracy,fedyogi,fedavg,3,3,0,3,0.16234131177448774,0.15783914149975534,0.16684348204922014,89.57417204261381,4.154187335422325e-05,0.25,1.0,0.25,1.0
amazon_vg,ct_macro_f1,centralized,fedavg,3,3,0,3,0.40362092801483934,0.39365228674333436,0.4135895692863443,100.58040421209346,3.2948111562274274e-05,0.25,1.0,0.25,1.0
amazon_vg,ct_macro_f1,local_only,fedavg,3,3,0,3,0.04217644002838289,0.03551936572172974,0.048833514335036035,15.738458126743732,0.0013430086241662301,0.25,1.0,0.25,1.0
amazon_vg,ct_macro_f1,fedprox,fedavg,3,0,3,3,-0.0014285490799639717,-0.0023081728819780234,-0.0005489252779499198,-4.034352679519749,0.01987163446203476,0.25,-1.0,0.25,1.0
amazon_vg,ct_macro_f1,fednova,fedavg,3,3,0,3,0.005432725558736751,0.0024671550193194423,0.008398296098154059,4.550773032935357,0.01571717999011089,0.25,1.0,0.25,1.0
amazon_vg,ct_macro_f1,scaffold,fedavg,3,0,3,3,-0.026834129451940747,-0.03352705398629934,-0.020141204917582152,-9.959722777592088,0.003343504316442882,0.25,-1.0,0.25,1.0
amazon_vg,ct_macro_f1,fedadam,fedavg,3,3,0,3,0.3926444167954224,0.3819860869939645,0.40330274659688026,91.51366313850669,3.979980441569222e-05,0.25,1.0,0.25,1.0
amazon_vg,ct_macro_f1,fedadagrad,fedavg,3,3,0,3,0.3873711010904047,0.3731940893987578,0.40154811278205155,67.87630437152718,7.234278755641261e-05,0.25,1.0,0.25,1.0
amazon_vg,ct_macro_f1,fedyogi,fedavg,3,3,0,3,0.3993649839557616,0.38434943038527597,0.4143805375262472,66.0699995334895,7.635199631702022e-05,0.25,1.0,0.25,1.0
amazon_vg,val_macro_f1,centralized,fedavg,3,3,0,3,0.40256844935027275,0.39165864849485893,0.41347825020568657,91.66395242637401,3.966941018867031e-05,0.25,1.0,0.25,1.0
amazon_vg,val_macro_f1,local_only,fedavg,3,3,0,3,0.04294227002154611,0.0354772668696856,0.05040727317340662,14.289948740624679,0.0016283794024728399,0.25,1.0,0.25,1.0
amazon_vg,val_macro_f1,fedprox,fedavg,3,0,3,3,-0.00150197672764447,-0.0025346029313740867,-0.000469350523914853,-3.6132310199344295,0.024594141255839287,0.25,-1.0,0.25,1.0
amazon_vg,val_macro_f1,fednova,fedavg,3,3,0,3,0.005341053414701776,0.0014810786069658919,0.009201028222437659,3.4373053889737726,0.027072139376686354,0.25,1.0,0.25,1.0
amazon_vg,val_macro_f1,scaffold,fedavg,3,0,3,3,-0.026049416887007543,-0.03331617678725647,-0.018782656986758614,-8.904978249784287,0.004177199014455768,0.25,-1.0,0.25,1.0
amazon_vg,val_macro_f1,fedadam,fedavg,3,3,0,3,0.39202985409138486,0.3790900651616169,0.4049696430211528,75.26058964068838,5.8844405175892553e-05,0.25,1.0,0.25,1.0
amazon_vg,val_macro_f1,fedadagrad,fedavg,3,3,0,3,0.38812019927975255,0.3726903247875994,0.4035500737719057,62.48553895971095,8.536190409709924e-05,0.25,1.0,0.25,1.0
amazon_vg,val_macro_f1,fedyogi,fedavg,3,3,0,3,0.3992447339062255,0.384129317339905,0.414360150472546,65.61373253344665,7.741744284829476e-05,0.25,1.0,0.25,1.0
amazon_vg,ct_client_min5_f1_mean,centralized,fedavg,3,3,0,3,0.33792120915764884,0.3301300381870213,0.3457123801282764,107.74283126804134,2.8713310834138655e-05,0.25,1.0,0.25,1.0
amazon_vg,ct_client_min5_f1_mean,local_only,fedavg,3,0,3,3,-0.010002590490483946,-0.014109442888698552,-0.005895738092269338,-6.050329995645477,0.008983335832846601,0.25,-1.0,0.25,1.0
amazon_vg,ct_client_min5_f1_mean,fedprox,fedavg,3,0,3,3,-0.0008885959193897416,-0.0012483420899673432,-0.00052884974881214,-6.135978126798022,0.008737555305237593,0.25,-1.0,0.25,1.0
amazon_vg,ct_client_min5_f1_mean,fednova,fedavg,3,3,0,3,0.0037722702011837215,0.0022373100505000748,0.005307230351867368,6.104939376764189,0.008825452459201142,0.25,1.0,0.25,1.0
amazon_vg,ct_client_min5_f1_mean,scaffold,fedavg,3,0,3,3,-0.01763511783664723,-0.02177747459142422,-0.013492761081870237,-10.575636977345454,0.0029670812756647335,0.25,-1.0,0.25,1.0
amazon_vg,ct_client_min5_f1_mean,fedadam,fedavg,3,3,0,3,0.32446844935405156,0.3150727325182105,0.3338641661898926,85.78635620848827,4.5291092529999386e-05,0.25,1.0,0.25,1.0
amazon_vg,ct_client_min5_f1_mean,fedadagrad,fedavg,3,3,0,3,0.3204363444709772,0.31231690770424375,0.3285557812377106,98.0373430306324,3.467952080222836e-05,0.25,1.0,0.25,1.0
amazon_vg,ct_client_min5_f1_mean,fedyogi,fedavg,3,3,0,3,0.331759953112927,0.3194027399963584,0.3441171662294956,66.69282167443842,7.49327626262471e-05,0.25,1.0,0.25,1.0
amazon_vg,ct_client_min5_f1_p10,centralized,fedavg,3,3,0,3,0.24170968022871384,0.23734857830016148,0.2460707821572662,137.68082970502272,1.7584107944524687e-05,0.25,1.0,0.25,1.0
amazon_vg,ct_client_min5_f1_p10,local_only,fedavg,3,3,0,3,0.002107304736115876,-0.0006810251678189463,0.0048956346400506985,1.8774088237364794,0.08297136344680821,0.25,1.0,0.25,1.0
amazon_vg,ct_client_min5_f1_p10,fedprox,fedavg,3,0,2,3,-0.0010538465414175607,-0.003475742528556202,0.0013680494457210804,-1.0809299614166945,0.2020595196778155,0.5,-1.0,0.25,1.0
amazon_vg,ct_client_min5_f1_p10,fednova,fedavg,3,3,0,3,0.001467264113331516,0.0004655867217472165,0.0024689415049158154,3.6387824539593616,0.024262379293340023,0.25,1.0,0.25,1.0
amazon_vg,ct_client_min5_f1_p10,scaffold,fedavg,3,0,3,3,-0.0028506315852133376,-0.005382185007343759,-0.0003190781630829161,-2.7972395767875113,0.04005860026238827,0.25,-1.0,0.25,1.0
amazon_vg,ct_client_min5_f1_p10,fedadam,fedavg,3,3,0,3,0.22223133954407362,0.213989620471619,0.23047305861652823,66.98277949551718,7.428549483896745e-05,0.25,1.0,0.25,1.0
amazon_vg,ct_client_min5_f1_p10,fedadagrad,fedavg,3,3,0,3,0.21978228242834982,0.2172507290062194,0.22231383585048026,215.6657850401461,7.1665737664978996e-06,0.25,1.0,0.25,1.0
amazon_vg,ct_client_min5_f1_p10,fedyogi,fedavg,3,3,0,3,0.23335108448399397,0.22479718059832135,0.2419049883696666,67.76744709692804,7.25753625179187e-05,0.25,1.0,0.25,1.0
amazon_vg,ct_client_min5_f1_worst,centralized,fedavg,3,0,0,3,0.0,0.0,0.0,,,,,0.25,
amazon_vg,ct_client_min5_f1_worst,local_only,fedavg,3,0,0,3,0.0,0.0,0.0,,,,,0.25,
amazon_vg,ct_client_min5_f1_worst,fedprox,fedavg,3,0,0,3,0.0,0.0,0.0,,,,,0.25,
amazon_vg,ct_client_min5_f1_worst,fednova,fedavg,3,0,0,3,0.0,0.0,0.0,,,,,0.25,
amazon_vg,ct_client_min5_f1_worst,scaffold,fedavg,3,0,0,3,0.0,0.0,0.0,,,,,0.25,
amazon_vg,ct_client_min5_f1_worst,fedadam,fedavg,3,0,0,3,0.0,0.0,0.0,,,,,0.25,
amazon_vg,ct_client_min5_f1_worst,fedadagrad,fedavg,3,0,0,3,0.0,0.0,0.0,,,,,0.25,
amazon_vg,ct_client_min5_f1_worst,fedyogi,fedavg,3,0,0,3,0.0,0.0,0.0,,,,,0.25,
amazon_vg,ct_client_min5_f1_std,centralized,fedavg,3,3,0,3,0.01706705110982759,0.01538135564180986,0.01875274657784532,25.15098728962537,0.0005265329557020123,0.25,1.0,0.25,1.0
amazon_vg,ct_client_min5_f1_std,local_only,fedavg,3,0,3,3,-0.00608207741857499,-0.007880836555091674,-0.004283318282058305,-8.399522523357637,0.004691427012196683,0.25,-1.0,0.25,1.0
amazon_vg,ct_client_min5_f1_std,fedprox,fedavg,3,0,3,3,-0.0002970758565006282,-0.00043307716065296047,-0.00016107455234829585,-5.426251924445859,0.01113215939914112,0.25,-1.0,0.25,1.0
amazon_vg,ct_client_min5_f1_std,fednova,fedavg,3,3,0,3,0.001269320011329696,0.0010081302407313744,0.0015305097819280178,12.07231700230957,0.002279348038376168,0.25,1.0,0.25,1.0
amazon_vg,ct_client_min5_f1_std,scaffold,fedavg,3,0,3,3,-0.005872909792977998,-0.007083478113954633,-0.004662341472001364,-12.05146082352014,0.0022872170449057387,0.25,-1.0,0.25,1.0
amazon_vg,ct_client_min5_f1_std,fedadam,fedavg,3,3,0,3,0.018078680358745814,0.015907221067276673,0.020250139650214955,20.681912773716235,0.000778377087237159,0.25,1.0,0.25,1.0
amazon_vg,ct_client_min5_f1_std,fedadagrad,fedavg,3,3,0,3,0.01893127154606819,0.0182399180531548,0.01962262503898158,68.02292323829406,7.203129722018361e-05,0.25,1.0,0.25,1.0
amazon_vg,ct_client_min5_f1_std,fedyogi,fedavg,3,3,0,3,0.01731440821093171,0.015833799207677617,0.0187950172141858,29.049785796847335,0.0003947622836278269,0.25,1.0,0.25,1.0
amazon_vg,held_client_min5_f1_mean,centralized,fedavg,3,3,0,3,0.36546247995938924,0.35655174185523664,0.37437321806354185,101.88371805853372,3.2110587828450184e-05,0.25,1.0,0.25,1.0
amazon_vg,held_client_min5_f1_mean,fedprox,fedavg,3,0,3,3,-0.001122633629018821,-0.0016670175047787887,-0.0005782497532588534,-5.122812519808033,0.01246471106013201,0.25,-1.0,0.25,1.0
amazon_vg,held_client_min5_f1_mean,fednova,fedavg,3,3,0,3,0.004392097028330415,0.0020431842885899137,0.006741009768070915,4.644946437196087,0.015100544326434713,0.25,1.0,0.25,1.0
amazon_vg,held_client_min5_f1_mean,scaffold,fedavg,3,0,3,3,-0.01970577224889744,-0.02500527323594656,-0.014406271261848323,-9.237068188547832,0.0038839580036058325,0.25,-1.0,0.25,1.0
amazon_vg,held_client_min5_f1_mean,fedadam,fedavg,3,3,0,3,0.35276348560225684,0.34391451132989764,0.36161245987461604,99.02990459022196,3.398786483569178e-05,0.25,1.0,0.25,1.0
amazon_vg,held_client_min5_f1_mean,fedadagrad,fedavg,3,3,0,3,0.34881912455713365,0.3361998117102705,0.3614384374039968,68.66576274060013,7.068905834670964e-05,0.25,1.0,0.25,1.0
amazon_vg,held_client_min5_f1_mean,fedyogi,fedavg,3,3,0,3,0.36024964927972575,0.3456465275315604,0.3748527710278911,61.2820843963056,8.874703892184591e-05,0.25,1.0,0.25,1.0
amazon_vg,held_client_min5_f1_median,centralized,fedavg,3,3,0,3,0.37175991223180094,0.3603329693073562,0.3831868551562457,80.81801263892142,5.103042291511835e-05,0.25,1.0,0.25,1.0
amazon_vg,held_client_min5_f1_median,fedprox,fedavg,3,0,3,3,-0.0008168903346711109,-0.002467441828272343,0.0008336611589301211,-1.2294485174123988,0.16697038445582157,0.25,-1.0,0.25,1.0
amazon_vg,held_client_min5_f1_median,fednova,fedavg,3,3,0,3,0.003464299551035388,0.00039114275805650703,0.006537456344014269,2.8003117768634738,0.039975949954200056,0.25,1.0,0.25,1.0
amazon_vg,held_client_min5_f1_median,scaffold,fedavg,3,0,3,3,-0.014327538877115695,-0.01903173922290404,-0.009623338531327349,-7.565914932402291,0.005772746851799974,0.25,-1.0,0.25,1.0
amazon_vg,held_client_min5_f1_median,fedadam,fedavg,3,3,0,3,0.3596150954275077,0.3491447022673516,0.37008548858766377,85.31994993900022,4.578758444423107e-05,0.25,1.0,0.25,1.0
amazon_vg,held_client_min5_f1_median,fedadagrad,fedavg,3,3,0,3,0.3543297301670328,0.3376827627211655,0.3709766976129001,52.87472616045513,0.00011920784049001846,0.25,1.0,0.25,1.0
amazon_vg,held_client_min5_f1_median,fedyogi,fedavg,3,3,0,3,0.3676727665356081,0.3532724202407715,0.3820731128304447,63.42554312476298,8.2850737856517e-05,0.25,1.0,0.25,1.0
amazon_vg,held_client_min5_f1_p10,centralized,fedavg,3,3,0,3,0.2827737660664467,0.2768849570022649,0.28866257513062854,119.28540533805267,2.3425499679750495e-05,0.25,1.0,0.25,1.0
amazon_vg,held_client_min5_f1_p10,fedprox,fedavg,3,0,3,3,-0.0004524130839920343,-0.0009320440614020532,2.721789341798462e-05,-2.3431689281260466,0.05568858638367083,0.25,-1.0,0.25,1.0
amazon_vg,held_client_min5_f1_p10,fednova,fedavg,3,3,0,3,0.0021229615897933596,0.0010867529228406132,0.003159170256746106,5.089446859494,0.012625588056786142,0.25,1.0,0.25,1.0
amazon_vg,held_client_min5_f1_p10,scaffold,fedavg,3,0,3,3,-0.008683006298314908,-0.011442904589621963,-0.0059231080070078525,-7.815426918067512,0.005412973713508564,0.25,-1.0,0.25,1.0
amazon_vg,held_client_min5_f1_p10,fedadam,fedavg,3,3,0,3,0.26681156088139407,0.25993970663127425,0.2736834151315139,96.45091938684277,3.5829657797512293e-05,0.25,1.0,0.25,1.0
amazon_vg,held_client_min5_f1_p10,fedadagrad,fedavg,3,3,0,3,0.2655675648048011,0.25887506111554986,0.2722600684940523,98.57393187677387,3.430301069282151e-05,0.25,1.0,0.25,1.0
amazon_vg,held_client_min5_f1_p10,fedyogi,fedavg,3,3,0,3,0.27579194736434054,0.26186428559783587,0.2897196091308452,49.19025092154845,0.00013773075833027693,0.25,1.0,0.25,1.0
amazon_vg,held_client_min5_f1_p25,centralized,fedavg,3,3,0,3,0.32887431818628177,0.32022593686857176,0.3375226995039918,94.46497167738696,3.7351910024133925e-05,0.25,1.0,0.25,1.0
amazon_vg,held_client_min5_f1_p25,fedprox,fedavg,3,0,3,3,-0.000671688803992071,-0.0011600299085311985,-0.00018334769945294342,-3.416807377154728,0.02738467326675163,0.25,-1.0,0.25,1.0
amazon_vg,held_client_min5_f1_p25,fednova,fedavg,3,3,0,3,0.002334728918973563,0.0009750632154076014,0.0036943946225395244,4.265598624077484,0.017831193069181718,0.25,1.0,0.25,1.0
amazon_vg,held_client_min5_f1_p25,scaffold,fedavg,3,0,3,3,-0.010215109158243446,-0.013249701708869448,-0.007180516607617445,-8.362156522266554,0.004733149772315584,0.25,-1.0,0.25,1.0
amazon_vg,held_client_min5_f1_p25,fedadam,fedavg,3,3,0,3,0.3152266949026686,0.30654152350492037,0.3239118663004168,90.16132033515841,4.1002610522104224e-05,0.25,1.0,0.25,1.0
amazon_vg,held_client_min5_f1_p25,fedadagrad,fedavg,3,3,0,3,0.310598164349404,0.2965914121875732,0.32460491651123485,55.08547622933937,0.00010983303235736698,0.25,1.0,0.25,1.0
amazon_vg,held_client_min5_f1_p25,fedyogi,fedavg,3,3,0,3,0.32190166829470035,0.3107923646805463,0.3330109719088544,71.98003596439666,6.432987654101355e-05,0.25,1.0,0.25,1.0
amazon_vg,held_client_min5_f1_worst,centralized,fedavg,3,3,0,3,0.1721856310091604,0.1378011080709618,0.206570153947359,12.439690385705589,0.0021471338347809833,0.25,1.0,0.25,1.0
amazon_vg,held_client_min5_f1_worst,fedprox,fedavg,3,0,0,3,0.0,0.0,0.0,,,,,0.25,
amazon_vg,held_client_min5_f1_worst,fednova,fedavg,3,1,0,3,0.006349206349206348,-0.02096922368094897,0.03366763637936167,0.5773502691896257,0.4226497308103743,1.0,1.0,0.25,1.0
amazon_vg,held_client_min5_f1_worst,scaffold,fedavg,3,0,1,3,-0.006349206349206348,-0.03366763637936167,0.02096922368094897,-0.5773502691896257,0.4226497308103743,1.0,-1.0,0.25,1.0
amazon_vg,held_client_min5_f1_worst,fedadam,fedavg,3,3,0,3,0.15334208038382266,0.11290390280742593,0.1937802579602194,9.419881594813623,0.003735502903251373,0.25,1.0,0.25,1.0
amazon_vg,held_client_min5_f1_worst,fedadagrad,fedavg,3,3,0,3,0.15009523809523814,0.1138367752957635,0.1863537008947128,10.283316294146049,0.0031373632067580996,0.25,1.0,0.25,1.0
amazon_vg,held_client_min5_f1_worst,fedyogi,fedavg,3,3,0,3,0.15334208038382266,0.11290390280742593,0.1937802579602194,9.419881594813623,0.003735502903251373,0.25,1.0,0.25,1.0
amazon_vg,held_client_min5_f1_std,centralized,fedavg,3,3,0,3,0.04945482089749481,0.04859594811260403,0.05031369368238559,143.039327570436,1.629135519814422e-05,0.25,1.0,0.25,1.0
amazon_vg,held_client_min5_f1_std,fedprox,fedavg,3,0,3,3,-0.0005756694035786483,-0.0009935558787626084,-0.00015778292839468803,-3.422082694351411,0.02730373228056578,0.25,-1.0,0.25,1.0
amazon_vg,held_client_min5_f1_std,fednova,fedavg,3,3,0,3,0.0014186964446909294,0.0008092860545445688,0.00202810683483729,5.783027983714631,0.00982050370667191,0.25,1.0,0.25,1.0
amazon_vg,held_client_min5_f1_std,scaffold,fedavg,3,0,3,3,-0.011923159244462292,-0.013899721072144842,-0.00994659741677974,-14.984995211154263,0.0014811526132182116,0.25,-1.0,0.25,1.0
amazon_vg,held_client_min5_f1_std,fedadam,fedavg,3,3,0,3,0.050507584480809053,0.047394396507063674,0.05362077245455443,40.30203007216656,0.00020515931222403109,0.25,1.0,0.25,1.0
amazon_vg,held_client_min5_f1_std,fedadagrad,fedavg,3,3,0,3,0.05057645954190861,0.04810007265717412,0.053052846426643104,50.73475846983441,0.00012947418907964165,0.25,1.0,0.25,1.0
amazon_vg,held_client_min5_f1_std,fedyogi,fedavg,3,3,0,3,0.04992412594073494,0.04729273930203492,0.052555512579434964,47.130437675559946,0.0001500299813397584,0.25,1.0,0.25,1.0
amazon_vg,held_client_min5_f1_iqr,centralized,fedavg,3,3,0,3,0.08195778750916341,0.08188345356401226,0.08203212145431456,2738.915986621616,4.443460199186965e-08,0.25,1.0,0.25,1.0
amazon_vg,held_client_min5_f1_iqr,fedprox,fedavg,3,0,3,3,-0.0010650115150168948,-0.0017171749236589793,-0.0004128481063748105,-4.056706084462,0.019659640869274728,0.25,-1.0,0.25,1.0
amazon_vg,held_client_min5_f1_iqr,fednova,fedavg,3,3,0,3,0.0034553708299667565,0.00023819602814538487,0.006672545631788128,2.668060492685361,0.04377430474505411,0.25,1.0,0.25,1.0
amazon_vg,held_client_min5_f1_iqr,scaffold,fedavg,3,0,3,3,-0.019928840574395246,-0.02426446382203943,-0.015593217326751063,-11.41842397150515,0.00254685850058376,0.25,-1.0,0.25,1.0
amazon_vg,held_client_min5_f1_iqr,fedadam,fedavg,3,3,0,3,0.08401112599529507,0.07873849878082645,0.0892837532097637,39.58087644027635,0.00021270091232391815,0.25,1.0,0.25,1.0
amazon_vg,held_client_min5_f1_iqr,fedadagrad,fedavg,3,3,0,3,0.08452857200848951,0.07903103796982591,0.09002610604715311,38.195418522181,0.00022840593575094873,0.25,1.0,0.25,1.0
amazon_vg,held_client_min5_f1_iqr,fedyogi,fedavg,3,3,0,3,0.08389303197881759,0.07630495543355184,0.09148110852408334,27.464383529668062,0.0004416225787084967,0.25,1.0,0.25,1.0
amazon_vg,gap_pooled_macro_f1,centralized,fedavg,3,2,1,3,0.000641642203848658,-0.0009650225251340465,0.0022483069328313628,0.9920723143280021,0.22787725280256763,0.5,0.6666666666666666,0.25,1.0
amazon_vg,gap_pooled_macro_f1,fedprox,fedavg,3,1,2,3,-7.256700684380817e-05,-0.00024996074937490477,0.00010482673568728842,-1.0161938958920604,0.2204581794104057,0.5,-0.6666666666666666,0.25,1.0
amazon_vg,gap_pooled_macro_f1,fednova,fedavg,3,3,0,3,0.0003157875736002902,6.526006562292911e-05,0.0005663150815776513,3.1312322818997647,0.032356569764618454,0.25,1.0,0.25,1.0
amazon_vg,gap_pooled_macro_f1,scaffold,fedavg,3,0,3,3,-0.002063721358803718,-0.0021386059892872502,-0.001988836728320186,-68.45954932068908,7.111551250115001e-05,0.25,-1.0,0.25,1.0
amazon_vg,gap_pooled_macro_f1,fedadam,fedavg,3,3,0,3,0.00202580437989186,0.0008656262736939418,0.003185982486089778,4.337590090551039,0.017259319780681105,0.25,1.0,0.25,1.0
amazon_vg,gap_pooled_macro_f1,fedadagrad,fedavg,3,1,2,3,-2.4588553622158688e-05,-0.0006605454701040761,0.0006113683628597587,-0.09604637004044021,0.8831732109579539,1.0,0.0,0.25,1.0
amazon_vg,gap_pooled_macro_f1,fedyogi,fedavg,3,3,0,3,0.0012577895420607572,-0.00017291119020125642,0.002688490274322771,2.1839105582467058,0.06332301070294695,0.25,1.0,0.25,1.0
amazon_vg,gap_mean_client_f1,centralized,fedavg,3,0,3,3,-0.027541270801740375,-0.030320700043301875,-0.024761841560178875,-24.61523697206797,0.0005496832478521333,0.25,-1.0,0.25,1.0
amazon_vg,gap_mean_client_f1,fedprox,fedavg,3,3,0,3,0.00023403770962907947,-4.582237294069018e-05,0.0005138977921988491,2.077402018618822,0.06930559703034885,0.25,1.0,0.25,1.0
amazon_vg,gap_mean_client_f1,fednova,fedavg,3,0,3,3,-0.000619826827146693,-0.0014624817877935455,0.0002228281335001596,-1.8272427837933767,0.08700412212396412,0.25,-1.0,0.25,1.0
amazon_vg,gap_mean_client_f1,scaffold,fedavg,3,3,0,3,0.0020706544122502113,0.0008835535498083044,0.003257755274692118,4.333069645735083,0.017294420598796226,0.25,1.0,0.25,1.0
amazon_vg,gap_mean_client_f1,fedadam,fedavg,3,0,3,3,-0.02829503624820533,-0.02976287977526073,-0.02682719272114993,-47.88573530076043,0.00014533550986812018,0.25,-1.0,0.25,1.0
amazon_vg,gap_mean_client_f1,fedadagrad,fedavg,3,0,3,3,-0.02838278008615644,-0.03297420512570285,-0.02379135504661003,-15.356176735775017,0.0014105642879311128,0.25,-1.0,0.25,1.0
amazon_vg,gap_mean_client_f1,fedyogi,fedavg,3,0,3,3,-0.028489696166798723,-0.03087063634502844,-0.026108755988569005,-29.724530373070657,0.00037705357183617083,0.25,-1.0,0.25,1.0
amazon_vg,gap_p10_client_f1,centralized,fedavg,3,0,3,3,-0.04106408583773292,-0.04433748589415663,-0.03779068578130921,-31.16296281228542,0.0003430660405205714,0.25,-1.0,0.25,1.0
amazon_vg,gap_p10_client_f1,fedprox,fedavg,3,1,2,3,-0.0006014334574255265,-0.002799946623374166,0.001597079708523113,-0.6795699729432687,0.36028451971313546,0.5,-0.6666666666666666,0.25,1.0
amazon_vg,gap_p10_client_f1,fednova,fedavg,3,0,3,3,-0.0006556974764618436,-0.0013550214605800937,4.3626507656406555e-05,-2.329167690183161,0.056304459548849946,0.25,-1.0,0.25,1.0
amazon_vg,gap_p10_client_f1,scaffold,fedavg,3,3,0,3,0.0058323747131015695,0.004271793654907822,0.007392955771295317,9.283991945054012,0.0038450216913406155,0.25,1.0,0.25,1.0
amazon_vg,gap_p10_client_f1,fedadam,fedavg,3,0,3,3,-0.04458022133732043,-0.04613505858814858,-0.043025384086492285,-71.22508092935739,6.570070665349729e-05,0.25,-1.0,0.25,1.0
amazon_vg,gap_p10_client_f1,fedadagrad,fedavg,3,0,3,3,-0.045785282376451325,-0.0544277034293925,-0.03714286132351015,-13.160310739057751,0.0019190879658324688,0.25,-1.0,0.25,1.0
amazon_vg,gap_p10_client_f1,fedyogi,fedavg,3,0,3,3,-0.04244086288034655,-0.04781983932012795,-0.03706188644056515,-19.60018772727292,0.0008665497297481706,0.25,-1.0,0.25,1.0
amazon_vg,rounds_to_target,fedprox,fedavg,3,2,0,3,0.6666666666666666,-0.7675509099164876,2.100884243249821,1.1547005383792512,0.18350341907227402,0.5,1.0,0.25,1.0
amazon_vg,rounds_to_target,fednova,fedavg,3,0,2,3,-2.3333333333333335,-7.504478345875597,2.83781167920893,-1.12089707663561,0.19170962313452386,0.5,-1.0,0.25,1.0
amazon_vg,rounds_to_target,fedadam,fedavg,3,0,3,3,-39.0,-46.45241313525099,-31.547586864749007,-13.0,0.0019665702414970567,0.25,-1.0,0.25,1.0
amazon_vg,rounds_to_target,fedadagrad,fedavg,3,0,3,3,-40.0,-47.45241313525099,-32.54758686474901,-13.333333333333334,0.0018697429881007258,0.25,-1.0,0.25,1.0
amazon_vg,rounds_to_target,fedyogi,fedavg,3,0,3,3,-39.0,-46.45241313525099,-31.547586864749007,-13.0,0.0019665702414970567,0.25,-1.0,0.25,1.0
amazon_vg,total_bytes,centralized,fedavg,3,0,3,3,-216904338000.0,-216904338000.0,-216904338000.0,,,0.25,-1.0,0.25,0.75
amazon_vg,total_bytes,local_only,fedavg,3,0,3,3,-216904338000.0,-216904338000.0,-216904338000.0,,,0.25,-1.0,0.25,0.75
amazon_vg,total_bytes,fedprox,fedavg,3,0,0,3,0.0,0.0,0.0,,,,,0.25,
amazon_vg,total_bytes,fednova,fedavg,3,0,0,3,0.0,0.0,0.0,,,,,0.25,
amazon_vg,total_bytes,scaffold,fedavg,3,3,0,3,216904338000.0,216904338000.0,216904338000.0,,,0.25,1.0,0.25,0.75
amazon_vg,total_bytes,fedadam,fedavg,3,0,0,3,0.0,0.0,0.0,,,,,0.25,
amazon_vg,total_bytes,fedadagrad,fedavg,3,0,0,3,0.0,0.0,0.0,,,,,0.25,
amazon_vg,total_bytes,fedyogi,fedavg,3,0,0,3,0.0,0.0,0.0,,,,,0.25,
amazon_vg,wall_s,centralized,fedavg,3,3,0,3,1095.0590981706666,777.3978560871058,1412.7203402542275,8.563454529481094,0.004514731200427042,0.25,1.0,0.25,1.0
amazon_vg,wall_s,local_only,fedavg,3,3,0,3,1451.4415923506658,1020.9117080462574,1881.9714766550742,8.374751503688636,0.00471902443182959,0.25,1.0,0.25,1.0
amazon_vg,wall_s,fedprox,fedavg,3,3,0,3,381.3568346436671,35.34786413470465,727.3658051526296,2.7379142603689512,0.04170511327548257,0.25,1.0,0.25,1.0
amazon_vg,wall_s,fednova,fedavg,3,3,0,3,274.5310695746666,-96.92272959077093,645.9848687401042,1.8359564083334277,0.08628377624364834,0.25,1.0,0.25,1.0
amazon_vg,wall_s,scaffold,fedavg,3,3,0,3,1788.5045364489986,1127.3765040748215,2449.6325688231755,6.720168180850886,0.007300327854874116,0.25,1.0,0.25,1.0
amazon_vg,wall_s,fedadam,fedavg,3,2,1,3,64.30435643033275,-268.21522776612466,396.82394062679015,0.48039539452824287,0.4928988739499938,0.75,0.3333333333333333,0.25,1.0
amazon_vg,wall_s,fedadagrad,fedavg,3,2,1,3,58.334070350666174,-309.11270950521975,425.78085020655215,0.3943696665264582,0.5650730442305297,0.75,0.3333333333333333,0.25,1.0
amazon_vg,wall_s,fedyogi,fedavg,3,2,1,3,71.42938516733314,-285.8683035368621,428.7270738715283,0.49661790442818643,0.4803432259907261,0.5,0.6666666666666666,0.25,1.0
amazon_vg,val_f1_last10_std,fedprox,fedavg,3,0,3,3,-0.00015556623765394708,-0.0005440186306387314,0.0002328861553308373,-0.994839945924651,0.2270095654714926,0.25,-1.0,0.25,1.0
amazon_vg,val_f1_last10_std,fednova,fedavg,3,3,0,3,0.006777739074249032,-0.018017614322840082,0.031573092471338146,0.6790319526852306,0.3605838677933775,0.25,1.0,0.25,1.0
amazon_vg,val_f1_last10_std,scaffold,fedavg,3,0,3,3,-0.003915950418231694,-0.00502572580259291,-0.0028061750338704778,-8.765521607665773,0.004310307163319296,0.25,-1.0,0.25,1.0
amazon_vg,val_f1_last10_std,fedadam,fedavg,3,3,0,3,0.0034687374250160267,-0.0006544704758908635,0.007591945325922916,2.089834336936247,0.06856607199803502,0.25,1.0,0.25,1.0
amazon_vg,val_f1_last10_std,fedadagrad,fedavg,3,2,1,3,0.0025304184260296343,-0.009598946374145541,0.014659783226204811,0.5182388313126953,0.46411840229848406,0.75,0.3333333333333333,0.25,1.0
amazon_vg,val_f1_last10_std,fedyogi,fedavg,3,3,0,3,0.0036572033887551357,-0.0038914238110026394,0.01120583058851291,1.2035296772689028,0.1724653602008423,0.25,1.0,0.25,1.0
yelp_dir01,held_macro_f1,centralized,fedavg,3,3,0,3,0.3424002176321154,-0.2361963005958782,0.920996735860109,1.4700560171644426,0.1257919326812347,0.25,1.0,0.25,1.0
yelp_dir01,held_macro_f1,fedprox,fedavg,3,1,2,3,-0.000936339288199528,-0.01792710015582674,0.016054421579427682,-0.13689767956429005,0.8346433687859196,0.75,-0.3333333333333333,0.25,1.0
yelp_dir01,held_macro_f1,fednova,fedavg,3,3,0,3,0.0007525649762774219,-0.0009699614475414397,0.0024750914000962834,1.0853099332831064,0.20088942798752898,0.25,1.0,0.25,1.0
yelp_dir01,held_macro_f1,scaffold,fedavg,3,3,0,3,0.28039096148029224,-0.2935189194355265,0.8543008423961109,1.2136570298034217,0.17028941398320532,0.25,1.0,0.25,1.0
yelp_dir01,held_macro_f1,fedadam,fedavg,3,3,0,3,0.33738845928707323,-0.2406503459744765,0.915427264548623,1.4499362111945566,0.12865758554550533,0.25,1.0,0.25,1.0
yelp_dir01,held_macro_f1,fedadagrad,fedavg,3,3,0,3,0.3443567050856635,-0.2249710818625381,0.9136844920338651,1.5025254291254395,0.12135259408801041,0.25,1.0,0.25,1.0
yelp_dir01,held_macro_f1,fedyogi,fedavg,3,3,0,3,0.33697644931887233,-0.24122934384876032,0.915182242486505,1.4477473515766812,0.12897482967442278,0.25,1.0,0.25,1.0
yelp_dir01,held_accuracy,centralized,fedavg,3,3,0,3,0.2778859649122807,-0.10435192546922589,0.6601238552937873,1.8059617384235225,0.0887999947599934,0.25,1.0,0.25,1.0
yelp_dir01,held_accuracy,fedprox,fedavg,3,1,2,3,-0.0010438596491228653,-0.015260939381801935,0.013173220083556203,-0.18239266916398833,0.7819887472129478,0.75,-0.3333333333333333,0.25,1.0
yelp_dir01,held_accuracy,fednova,fedavg,3,3,0,3,0.0005964912280701506,-0.0011235929148395497,0.002316575370979851,0.8614499241128792,0.2742097588559905,0.25,1.0,0.25,1.0
yelp_dir01,held_accuracy,scaffold,fedavg,3,3,0,3,0.21602631578947365,-0.16178605002282162,0.5938386816017689,1.4203852661872118,0.13303437117148986,0.25,1.0,0.25,1.0
yelp_dir01,held_accuracy,fedadam,fedavg,3,3,0,3,0.27289473684210525,-0.10816377538874572,0.6539532490729563,1.7790131577403758,0.0911511594180341,0.25,1.0,0.25,1.0
yelp_dir01,held_accuracy,fedadagrad,fedavg,3,3,0,3,0.2798684210526316,-0.09274339891027328,0.6524802410155365,1.8658337224355241,0.0838777060611833,0.25,1.0,0.25,1.0
yelp_dir01,held_accuracy,fedyogi,fedavg,3,3,0,3,0.2724824561403509,-0.10878421553286899,0.6537491278135708,1.7753556641026098,0.09147709896131145,0.25,1.0,0.25,1.0
yelp_dir01,ct_macro_f1,centralized,fedavg,3,3,0,3,0.34178794730558265,-0.23669760407462986,0.9202734986857952,1.4677087911664906,0.12612161967670063,0.25,1.0,0.25,1.0
yelp_dir01,ct_macro_f1,local_only,fedavg,3,3,0,3,0.35905686035968626,-0.23223177513743548,0.950345495856808,1.5084793346861316,0.12056246301958426,0.25,1.0,0.25,1.0
yelp_dir01,ct_macro_f1,fedprox,fedavg,3,1,2,3,-0.0008863911130754983,-0.02144767770815533,0.019674895482004337,-0.10709045765054895,0.8699552919184645,0.75,-0.3333333333333333,0.25,1.0
yelp_dir01,ct_macro_f1,fednova,fedavg,3,3,0,3,0.0006863317718805809,-0.0013583761498597168,0.0027310396936208784,0.833831873576281,0.28550508181723516,0.25,1.0,0.25,1.0
yelp_dir01,ct_macro_f1,scaffold,fedavg,3,3,0,3,0.28249486215787056,-0.290540650591255,0.8555303749069961,1.2246294075133624,0.1679738441048611,0.25,1.0,0.25,1.0
yelp_dir01,ct_macro_f1,fedadam,fedavg,3,3,0,3,0.33655892211811117,-0.24215645403602043,0.9152742982722428,1.4446803128261299,0.12942119415290426,0.25,1.0,0.25,1.0
yelp_dir01,ct_macro_f1,fedadagrad,fedavg,3,3,0,3,0.3428378004784915,-0.22554393632978137,0.9112195372867644,1.4983878862199222,0.12190596458861631,0.25,1.0,0.25,1.0
yelp_dir01,ct_macro_f1,fedyogi,fedavg,3,3,0,3,0.3361068999878256,-0.24265919680257408,0.9148729967782253,1.4426135706107652,0.12972319680112127,0.25,1.0,0.25,1.0
yelp_dir01,val_macro_f1,centralized,fedavg,3,3,0,3,0.34074006562828735,-0.2385738022163339,0.9200539334729085,1.4611168382361899,0.1270540023078857,0.25,1.0,0.25,1.0
yelp_dir01,val_macro_f1,local_only,fedavg,3,3,0,3,0.36028950830200673,-0.232362818026072,0.9529418346300855,1.510175046922101,0.12033874978998023,0.25,1.0,0.25,1.0
yelp_dir01,val_macro_f1,fedprox,fedavg,3,1,2,3,-0.0007271623914780571,-0.020227461210714434,0.018773136427758318,-0.09263301736972744,0.8872713503945234,0.75,-0.3333333333333333,0.25,1.0
yelp_dir01,val_macro_f1,fednova,fedavg,3,3,0,3,0.0007236189213076597,-0.0012968211711114224,0.0027440590137267416,0.889691834022267,0.26323609110926294,0.25,1.0,0.25,1.0
yelp_dir01,val_macro_f1,scaffold,fedavg,3,3,0,3,0.28203550364295416,-0.2901041809274695,0.8541751882133778,1.22455241184327,0.1679899431561285,0.25,1.0,0.25,1.0
yelp_dir01,val_macro_f1,fedadam,fedavg,3,3,0,3,0.3357942617150898,-0.24272712026703464,0.9143156436972142,1.441881345954451,0.12983042913250226,0.25,1.0,0.25,1.0
yelp_dir01,val_macro_f1,fedadagrad,fedavg,3,3,0,3,0.3438297714461785,-0.22605906589532737,0.9137186087876843,1.4987493098765807,0.12185748549500079,0.25,1.0,0.25,1.0
yelp_dir01,val_macro_f1,fedyogi,fedavg,3,3,0,3,0.3354020477781101,-0.24334200713933496,0.9141461026955552,1.4396430829906994,0.13015898490107497,0.25,1.0,0.25,1.0
yelp_dir01,ct_client_min5_f1_mean,centralized,fedavg,3,3,0,3,0.2499901015549467,-0.17413791131754028,0.6741181144274336,1.464203778078773,0.12661618168842612,0.25,1.0,0.25,1.0
yelp_dir01,ct_client_min5_f1_mean,local_only,fedavg,3,3,0,3,0.16271472082229452,-0.2909726476708979,0.6164020893154869,0.8909346001720425,0.2627661206747423,0.25,1.0,0.25,1.0
yelp_dir01,ct_client_min5_f1_mean,fedprox,fedavg,3,1,2,3,-0.0007326388764812841,-0.015197205129371966,0.013731927376409398,-0.12582305133400287,0.8476966389504338,0.75,-0.3333333333333333,0.25,1.0
yelp_dir01,ct_client_min5_f1_mean,fednova,fedavg,3,3,0,3,0.0004327657433177423,-0.0007368885921633435,0.0016024200787988282,0.9191174441183024,0.2523900996175731,0.25,1.0,0.25,1.0
yelp_dir01,ct_client_min5_f1_mean,scaffold,fedavg,3,3,0,3,0.19924236050366947,-0.21924270079640992,0.6177274218037488,1.1827075976564279,0.17705922862406176,0.25,1.0,0.25,1.0
yelp_dir01,ct_client_min5_f1_mean,fedadam,fedavg,3,3,0,3,0.24694896301301908,-0.17714286183568498,0.6710407878617232,1.4465151081776453,0.12915390667773344,0.25,1.0,0.25,1.0
yelp_dir01,ct_client_min5_f1_mean,fedadagrad,fedavg,3,3,0,3,0.2550414260266239,-0.15709633134513445,0.6671791833983822,1.5372481970387237,0.11684464644885659,0.25,1.0,0.25,1.0
yelp_dir01,ct_client_min5_f1_mean,fedyogi,fedavg,3,3,0,3,0.2467056235200097,-0.17681933082485585,0.6702305778648752,1.4470239281057962,0.12907991985165554,0.25,1.0,0.25,1.0
yelp_dir01,ct_client_min5_f1_p10,centralized,fedavg,3,3,0,3,0.2686244106212841,-0.42421894695098655,0.9614677681935548,0.9631326062780814,0.23721476626383323,0.25,1.0,0.25,1.0
yelp_dir01,ct_client_min5_f1_p10,local_only,fedavg,3,2,1,3,0.17777479119387926,-0.46552841708199144,0.82107799946975,0.6864835389004857,0.35646368807671125,0.5,0.6666666666666666,0.25,1.0
yelp_dir01,ct_client_min5_f1_p10,fedprox,fedavg,3,1,2,3,0.001226266852779603,-0.013087880508902758,0.015540414214461963,0.21281153928969865,0.7477862418987122,1.0,0.0,0.25,1.0
yelp_dir01,ct_client_min5_f1_p10,fednova,fedavg,3,1,0,3,2.2922520330204144e-05,-7.570512434128626e-05,0.00012155016500169455,0.5773502691896257,0.42264973081037416,1.0,1.0,0.25,1.0
yelp_dir01,ct_client_min5_f1_p10,scaffold,fedavg,3,2,1,3,0.21631880999888156,-0.43686176193059256,0.8694993819283556,0.8226909016779469,0.2902262028697844,0.5,0.6666666666666666,0.25,1.0
yelp_dir01,ct_client_min5_f1_p10,fedadam,fedavg,3,3,0,3,0.272324781101093,-0.4128816679022443,0.9575312301044303,0.987282387025642,0.2293892249252204,0.25,1.0,0.25,1.0
yelp_dir01,ct_client_min5_f1_p10,fedadagrad,fedavg,3,3,0,3,0.3089499103349571,-0.33406886917565626,0.9519686898455705,1.193548536621367,0.17464701399414367,0.25,1.0,0.25,1.0
yelp_dir01,ct_client_min5_f1_p10,fedyogi,fedavg,3,3,0,3,0.27168753348972313,-0.4214671409620199,0.9648422079414662,0.9736776979655768,0.2337556367806756,0.25,1.0,0.25,1.0
yelp_dir01,ct_client_min5_f1_worst,centralized,fedavg,3,3,0,3,0.2723804039126179,-0.19742975922334172,0.7421905670485776,1.4402209368665988,0.13007405040804512,0.25,1.0,0.25,1.0
yelp_dir01,ct_client_min5_f1_worst,local_only,fedavg,3,3,0,3,0.2019572188762362,-0.2913247641393289,0.6952392018918012,1.0170441265738335,0.22020249581245152,0.25,1.0,0.25,1.0
yelp_dir01,ct_client_min5_f1_worst,fedprox,fedavg,3,1,1,3,-0.00020171485653280863,-0.022261089482871036,0.02185765976980542,-0.02271539835654153,0.9721901924523935,1.0,-0.3333333333333333,0.25,1.0
yelp_dir01,ct_client_min5_f1_worst,fednova,fedavg,3,0,0,3,0.0,0.0,0.0,,,,,0.25,
yelp_dir01,ct_client_min5_f1_worst,scaffold,fedavg,3,3,0,3,0.24260433181365806,-0.23846441888258577,0.7236730825099019,1.252757675114157,0.16223054052447003,0.25,1.0,0.25,1.0
yelp_dir01,ct_client_min5_f1_worst,fedadam,fedavg,3,3,0,3,0.26812527759574817,-0.2120779578810974,0.7483285130725937,1.3870379546437686,0.13822654213780303,0.25,1.0,0.25,1.0
yelp_dir01,ct_client_min5_f1_worst,fedadagrad,fedavg,3,3,0,3,0.2752435616687637,-0.20613692795150446,0.7566240512890319,1.42037935936543,0.13303526664307405,0.25,1.0,0.25,1.0
yelp_dir01,ct_client_min5_f1_worst,fedyogi,fedavg,3,3,0,3,0.26812527759574817,-0.2120779578810974,0.7483285130725937,1.3870379546437686,0.13822654213780303,0.25,1.0,0.25,1.0
yelp_dir01,ct_client_min5_f1_std,centralized,fedavg,3,0,3,3,-0.11891058496687923,-0.46957176035631626,0.2317505904225578,-0.8423808769660978,0.2819472840165631,0.25,-1.0,0.25,1.0
yelp_dir01,ct_client_min5_f1_std,local_only,fedavg,3,2,1,3,-0.024195663352243667,-0.3754695148964942,0.3270781881920069,-0.1711068430795292,0.7948931508690251,1.0,0.0,0.25,1.0
yelp_dir01,ct_client_min5_f1_std,fedprox,fedavg,3,2,1,3,-0.00035451786350057524,-0.007987873823046287,0.007278838096045136,-0.11537143019115105,0.8600892482076973,1.0,0.0,0.25,1.0
yelp_dir01,ct_client_min5_f1_std,fednova,fedavg,3,0,3,3,-9.61148734546502e-05,-0.00035423151580019145,0.00016200176889089106,-0.9250181609335184,0.2502844273908646,0.25,-1.0,0.25,1.0
yelp_dir01,ct_client_min5_f1_std,scaffold,fedavg,3,1,2,3,-0.10681994767197212,-0.44406135534639957,0.23042146000245534,-0.7868412785043192,0.3060905340549286,0.5,-0.6666666666666666,0.25,1.0
yelp_dir01,ct_client_min5_f1_std,fedadam,fedavg,3,0,3,3,-0.11865973526173883,-0.4680536915962045,0.23073422107272684,-0.8436526101436711,0.28142278912835517,0.25,-1.0,0.25,1.0
yelp_dir01,ct_client_min5_f1_std,fedadagrad,fedavg,3,0,3,3,-0.12344261755286894,-0.46955286990570383,0.22266763479996593,-0.8859849120783876,0.2646442859738535,0.25,-1.0,0.25,1.0
yelp_dir01,ct_client_min5_f1_std,fedyogi,fedavg,3,0,3,3,-0.11890910019431004,-0.4670805120939603,0.22926231170534017,-0.848394124179616,0.27947802859304555,0.25,-1.0,0.25,1.0
yelp_dir01,rounds_to_target,fedprox,fedavg,3,0,1,3,-4.333333333333333,-22.978161828914335,14.31149516224767,-0.5773502691896257,0.42264973081037416,1.0,-1.0,0.25,1.0
yelp_dir01,rounds_to_target,fednova,fedavg,3,0,0,3,0.0,0.0,0.0,,,,,0.25,
yelp_dir01,rounds_to_target,scaffold,fedavg,3,0,2,3,-10.0,-41.02687007525358,21.02687007525358,-0.8006407690254357,0.299859957985995,0.5,-1.0,0.25,1.0
yelp_dir01,rounds_to_target,fedadam,fedavg,3,0,3,3,-11.666666666666666,-33.93171087799024,10.598377544656907,-1.301664005784803,0.15286761674988175,0.25,-1.0,0.25,1.0
yelp_dir01,rounds_to_target,fedadagrad,fedavg,3,0,3,3,-12.333333333333334,-35.414880828201056,10.748214161534387,-1.3273676061682245,0.1482428772951579,0.25,-1.0,0.25,1.0
yelp_dir01,rounds_to_target,fedyogi,fedavg,3,0,3,3,-11.666666666666666,-33.93171087799024,10.598377544656907,-1.301664005784803,0.15286761674988175,0.25,-1.0,0.25,1.0
yelp_dir01,total_bytes,centralized,fedavg,3,0,3,3,-1000020000.0,-1000020000.0,-1000020000.0,,,0.25,-1.0,0.25,0.75
yelp_dir01,total_bytes,local_only,fedavg,3,0,3,3,-1000020000.0,-1000020000.0,-1000020000.0,,,0.25,-1.0,0.25,0.75
yelp_dir01,total_bytes,fedprox,fedavg,3,0,0,3,0.0,0.0,0.0,,,,,0.25,
yelp_dir01,total_bytes,fednova,fedavg,3,0,0,3,0.0,0.0,0.0,,,,,0.25,
yelp_dir01,total_bytes,scaffold,fedavg,3,3,0,3,1000020000.0,1000020000.0,1000020000.0,,,0.25,1.0,0.25,0.75
yelp_dir01,total_bytes,fedadam,fedavg,3,0,0,3,0.0,0.0,0.0,,,,,0.25,
yelp_dir01,total_bytes,fedadagrad,fedavg,3,0,0,3,0.0,0.0,0.0,,,,,0.25,
yelp_dir01,total_bytes,fedyogi,fedavg,3,0,0,3,0.0,0.0,0.0,,,,,0.25,
yelp_dir01,wall_s,centralized,fedavg,3,3,0,3,51.43894748700162,-26.923369256472235,129.80126423047548,1.6306489472932466,0.10583004784146771,0.25,1.0,0.25,1.0
yelp_dir01,wall_s,local_only,fedavg,3,0,3,3,-114.04168490166558,-159.42858231894877,-68.65478748438238,-6.241784882786407,0.008447550215397504,0.25,-1.0,0.25,1.0
yelp_dir01,wall_s,fedprox,fedavg,3,3,0,3,78.42304752066654,-6.508262300445352,163.35435734177844,2.293778940025837,0.057906034412948795,0.25,1.0,0.25,1.0
yelp_dir01,wall_s,fednova,fedavg,3,3,0,3,117.87425617266854,88.56519544096986,147.18331690436722,9.990626710406836,0.003322954262045373,0.25,1.0,0.25,1.0
yelp_dir01,wall_s,scaffold,fedavg,3,3,0,3,115.27565318933436,76.23231376371851,154.31899261495022,7.334428907646155,0.006139489096289106,0.25,1.0,0.25,1.0
yelp_dir01,wall_s,fedadam,fedavg,3,3,0,3,51.983376554667,-54.54155673011018,158.50830983944417,1.212240759995106,0.17059145798795367,0.25,1.0,0.25,1.0
yelp_dir01,wall_s,fedadagrad,fedavg,3,3,0,3,85.49296701666754,-51.572721756511214,222.55865578984628,1.5494490660385394,0.11531652341155915,0.25,1.0,0.25,1.0
yelp_dir01,wall_s,fedyogi,fedavg,3,3,0,3,88.74299377866798,17.20392073918569,160.28206681815027,3.081530248198047,0.03335667700312923,0.25,1.0,0.25,1.0
yelp_dir01,val_f1_last10_std,fedprox,fedavg,3,1,2,3,-0.0026900006819505725,-0.030994221220607455,0.025614219856706307,-0.23608960117947905,0.722229259230234,1.0,0.0,0.25,1.0
yelp_dir01,val_f1_last10_std,fednova,fedavg,3,1,2,3,5.789587236841587e-05,-0.002477590372285948,0.00259338211702278,0.05672336823293293,0.9306953871618932,1.0,0.0,0.25,1.0
yelp_dir01,val_f1_last10_std,scaffold,fedavg,3,0,3,3,-0.14805693987613022,-0.24014684758711488,-0.055967032165145564,-3.993855971567829,0.020264435235789042,0.25,-1.0,0.25,1.0
yelp_dir01,val_f1_last10_std,fedadam,fedavg,3,0,3,3,-0.15343450261517091,-0.25494409546464974,-0.051924909765692084,-3.7548415231571646,0.022835883467216496,0.25,-1.0,0.25,1.0
yelp_dir01,val_f1_last10_std,fedadagrad,fedavg,3,0,3,3,-0.15069019496027433,-0.24273620920252476,-0.05864418071802391,-4.0668267841194785,0.019564762004933782,0.25,-1.0,0.25,1.0
yelp_dir01,val_f1_last10_std,fedyogi,fedavg,3,0,3,3,-0.15348991719466773,-0.2543543384666581,-0.05262549592267733,-3.7802238576130325,0.022540505235319294,0.25,-1.0,0.25,1.0
yelp_iid,held_macro_f1,centralized,fedavg,3,3,0,3,0.04587824405153259,0.0450773266059642,0.046679161497100975,142.2966584482602,1.6461849159090266e-05,0.25,1.0,0.25,1.0
yelp_iid,held_macro_f1,fedprox,fedavg,3,0,3,3,-0.000570194216734432,-0.0007804236962813163,-0.0003599647371875478,-6.737594365285278,0.007263023286258589,0.25,-1.0,0.25,1.0
yelp_iid,held_macro_f1,fednova,fedavg,3,1,0,3,8.790495544142019e-06,-2.9031954104711124e-05,4.661294519299516e-05,0.5773502691896258,0.42264973081037416,1.0,1.0,0.25,1.0
yelp_iid,held_macro_f1,scaffold,fedavg,3,0,3,3,-0.00029859633408868547,-0.0005697221236381604,-2.747054453921047e-05,-2.7358312734936225,0.04176471908178445,0.25,-1.0,0.25,1.0
yelp_iid,held_macro_f1,fedadam,fedavg,3,3,0,3,0.051834079769581286,0.05056837496826712,0.05309978457089545,101.73224607807332,3.220627509264893e-05,0.25,1.0,0.25,1.0
yelp_iid,held_macro_f1,fedadagrad,fedavg,3,3,0,3,0.05212387052178343,0.051175404428734035,0.05307233661483283,136.51818804534716,1.7884881350931097e-05,0.25,1.0,0.25,1.0
yelp_iid,held_macro_f1,fedyogi,fedavg,3,3,0,3,0.05279941508642786,0.0520764804130594,0.05352234975979632,181.42858961712258,1.0126531067578372e-05,0.25,1.0,0.25,1.0
yelp_iid,held_accuracy,centralized,fedavg,3,3,0,3,0.04587719298245615,0.04507833339643591,0.04667605256847639,142.65994574180368,1.6378116906629046e-05,0.25,1.0,0.25,1.0
yelp_iid,held_accuracy,fedprox,fedavg,3,0,3,3,-0.0005701754385964616,-0.0007803171625818342,-0.000360033714611089,-6.740186015747383,0.007257499634612093,0.25,-1.0,0.25,1.0
yelp_iid,held_accuracy,fednova,fedavg,3,1,0,3,8.771929824550698e-06,-2.897063798022309e-05,4.651449762932448e-05,0.5773502691896257,0.42264973081037416,1.0,1.0,0.25,1.0
yelp_iid,held_accuracy,scaffold,fedavg,3,0,3,3,-0.0002982456140350938,-0.0005704111410110898,-2.6080087059097827e-05,-2.722178614685663,0.04215851130770499,0.25,-1.0,0.25,1.0
yelp_iid,held_accuracy,fedadam,fedavg,3,3,0,3,0.05183333333333336,0.05056853489100532,0.0530981317756614,101.80368171710904,3.216109484645166e-05,0.25,1.0,0.25,1.0
yelp_iid,held_accuracy,fedadagrad,fedavg,3,3,0,3,0.05212280701754387,0.051176980979317506,0.05306863305577023,136.8964538102268,1.7786183229796663e-05,0.25,1.0,0.25,1.0
yelp_iid,held_accuracy,fedyogi,fedavg,3,3,0,3,0.05279824561403512,0.05207816331421194,0.053518327913858306,182.1432259566536,1.004722554862823e-05,0.25,1.0,0.25,1.0
yelp_iid,ct_macro_f1,centralized,fedavg,3,3,0,3,0.04266761690139872,0.0423225295930406,0.043012704209756836,307.14614431802295,3.5333471413966887e-06,0.25,1.0,0.25,1.0
yelp_iid,ct_macro_f1,local_only,fedavg,3,0,3,3,-0.05798339239196767,-0.06752394286420732,-0.048442841919728016,-15.097528398934282,0.0014592027496119517,0.25,-1.0,0.25,1.0
yelp_iid,ct_macro_f1,fedprox,fedavg,3,0,3,3,-0.00033928208223369766,-0.0005166580845200133,-0.000161906079947382,-4.75162031241093,0.014444594641105788,0.25,-1.0,0.25,1.0
yelp_iid,ct_macro_f1,fednova,fedavg,3,0,2,3,-1.1893459770743556e-05,-6.299929879805718e-05,3.921237925657007e-05,-0.5781138222561832,0.4221410319365673,0.5,-1.0,0.25,1.0
yelp_iid,ct_macro_f1,scaffold,fedavg,3,2,1,3,-6.070489743955261e-06,-0.0005000558744102576,0.0004879148949223471,-0.030527082318315323,0.9626382165345729,1.0,0.0,0.25,1.0
yelp_iid,ct_macro_f1,fedadam,fedavg,3,3,0,3,0.04771478736895315,0.04725261054183878,0.04817696419606751,256.4605054983305,5.067974906732716e-06,0.25,1.0,0.25,1.0
yelp_iid,ct_macro_f1,fedadagrad,fedavg,3,3,0,3,0.048881720712747066,0.04819389235278653,0.0495695490727076,176.53957426929827,1.0695168423850338e-05,0.25,1.0,0.25,1.0
yelp_iid,ct_macro_f1,fedyogi,fedavg,3,3,0,3,0.04904265394516202,0.048798585669824576,0.04928672222049946,499.1583030652407,1.3378310597149446e-06,0.25,1.0,0.25,1.0
yelp_iid,val_macro_f1,centralized,fedavg,3,3,0,3,0.04223381110798785,0.04207252193241638,0.04239510028355932,650.4751637087023,7.878014828066566e-07,0.25,1.0,0.25,1.0
yelp_iid,val_macro_f1,local_only,fedavg,3,0,3,3,-0.05556182925520762,-0.06232965524468658,-0.04879400326572866,-20.39402839276014,0.0008004809404415175,0.25,-1.0,0.25,1.0
yelp_iid,val_macro_f1,fedprox,fedavg,3,0,3,3,-0.0004584267898111172,-0.0005862999295697932,-0.00033055365005244116,-8.905664463980385,0.004176559329305915,0.25,-1.0,0.25,1.0
yelp_iid,val_macro_f1,fednova,fedavg,3,1,1,3,2.8334378140056533e-08,-8.890446869015609e-05,8.89611374464362e-05,0.0007914570872420961,0.9990306674468692,1.0,0.3333333333333333,0.25,1.0
yelp_iid,val_macro_f1,scaffold,fedavg,3,0,3,3,-0.00016091057039224754,-0.0005384860386598821,0.00021666489787538693,-1.058659922914548,0.20815121445809817,0.25,-1.0,0.25,1.0
yelp_iid,val_macro_f1,fedadam,fedavg,3,3,0,3,0.04942401041195299,0.04899956029728898,0.049848460526617,289.2590763639283,3.983842494537975e-06,0.25,1.0,0.25,1.0
yelp_iid,val_macro_f1,fedadagrad,fedavg,3,3,0,3,0.05041263827643542,0.0502220521781298,0.05060322437474104,657.0885127754908,7.720234507162466e-07,0.25,1.0,0.25,1.0
yelp_iid,val_macro_f1,fedyogi,fedavg,3,3,0,3,0.04985903042703688,0.04965484824271582,0.05006321261135793,606.5989457746035,9.058887217181349e-07,0.25,1.0,0.25,1.0
yelp_iid,ct_client_min5_f1_mean,centralized,fedavg,3,3,0,3,0.04279394237855912,0.04235478942148795,0.043233095335630294,242.07065985854288,5.688407908534229e-06,0.25,1.0,0.25,1.0
yelp_iid,ct_client_min5_f1_mean,local_only,fedavg,3,0,3,3,-0.058838391304324146,-0.06899738781978448,-0.048679394788863815,-14.387510273810866,0.0016064232416717547,0.25,-1.0,0.25,1.0
yelp_iid,ct_client_min5_f1_mean,fedprox,fedavg,3,0,3,3,-0.0003359904475592386,-0.0005165314042190997,-0.00015544949089937757,-4.623031565863746,0.015240783858027143,0.25,-1.0,0.25,1.0
yelp_iid,ct_client_min5_f1_mean,fednova,fedavg,3,0,3,3,-1.0577915859825518e-05,-5.436587628067745e-05,3.3210044561026414e-05,-0.6000964522339642,0.40778166718691783,0.25,-1.0,0.25,1.0
yelp_iid,ct_client_min5_f1_mean,scaffold,fedavg,3,2,1,3,-3.556337064910172e-06,-0.0005113798250686009,0.0005042671509387804,-0.01739665696316637,0.978698368159469,1.0,0.0,0.25,1.0
yelp_iid,ct_client_min5_f1_mean,fedadam,fedavg,3,3,0,3,0.04784937437333203,0.047261976793128116,0.04843677195353595,202.35772051221252,8.140177692212503e-06,0.25,1.0,0.25,1.0
yelp_iid,ct_client_min5_f1_mean,fedadagrad,fedavg,3,3,0,3,0.049010919114360806,0.04819329898661906,0.04982853924210255,148.90762632739978,1.5032633547824973e-05,0.25,1.0,0.25,1.0
yelp_iid,ct_client_min5_f1_mean,fedyogi,fedavg,3,3,0,3,0.04915636736026637,0.04890548488218229,0.04940724983835045,486.72664135343894,1.4070437195436864e-06,0.25,1.0,0.25,1.0
yelp_iid,ct_client_min5_f1_p10,centralized,fedavg,3,3,0,3,0.04736477916063667,0.04340612519566001,0.051323433125613334,29.722384215099574,0.0003771079946601483,0.25,1.0,0.25,1.0
yelp_iid,ct_client_min5_f1_p10,local_only,fedavg,3,0,3,3,-0.0687709859799076,-0.07857512027391605,-0.05896685168589916,-17.424955087706653,0.0010960262518291998,0.25,-1.0,0.25,1.0
yelp_iid,ct_client_min5_f1_p10,fedprox,fedavg,3,1,0,3,0.00010149395704317499,-0.0003351992942817165,0.0005381872083680665,0.5773502691896257,0.42264973081037416,1.0,1.0,0.25,1.0
yelp_iid,ct_client_min5_f1_p10,fednova,fedavg,3,0,0,3,0.0,0.0,0.0,,,,,0.25,
yelp_iid,ct_client_min5_f1_p10,scaffold,fedavg,3,1,2,3,-0.0006528979353479883,-0.0031044596634013824,0.001798663792705406,-0.6615735449621697,0.37045684619700786,0.5,-0.6666666666666666,0.25,1.0
yelp_iid,ct_client_min5_f1_p10,fedadam,fedavg,3,3,0,3,0.05364274295458005,0.05019676323870883,0.057088722670451265,38.669978271044975,0.00022283618033088363,0.25,1.0,0.25,1.0
yelp_iid,ct_client_min5_f1_p10,fedadagrad,fedavg,3,3,0,3,0.054738386165108545,0.05395203745065915,0.05552473487955794,172.92288631553393,1.1147218955807973e-05,0.25,1.0,0.25,1.0
yelp_iid,ct_client_min5_f1_p10,fedyogi,fedavg,3,3,0,3,0.05443126860971762,0.053671341177476566,0.05519119604195868,177.9311567330285,1.0528533474721687e-05,0.25,1.0,0.25,1.0
yelp_iid,ct_client_min5_f1_worst,centralized,fedavg,3,3,0,3,0.05003759962852857,0.024203642400494583,0.07587155685656256,4.811507859423347,0.01409477539562993,0.25,1.0,0.25,1.0
yelp_iid,ct_client_min5_f1_worst,local_only,fedavg,3,0,3,3,-0.11890321439295637,-0.2705763850720989,0.03276995628618615,-1.9474239089174388,0.07777774401502778,0.25,-1.0,0.25,1.0
yelp_iid,ct_client_min5_f1_worst,fedprox,fedavg,3,0,0,3,0.0,0.0,0.0,,,,,0.25,
yelp_iid,ct_client_min5_f1_worst,fednova,fedavg,3,0,0,3,0.0,0.0,0.0,,,,,0.25,
yelp_iid,ct_client_min5_f1_worst,scaffold,fedavg,3,1,0,3,0.0006232496312709168,-0.002058377096032239,0.0033048763585740728,0.5773502691896257,0.42264973081037416,1.0,1.0,0.25,1.0
yelp_iid,ct_client_min5_f1_worst,fedadam,fedavg,3,3,0,3,0.06218829350379288,0.04114290008773862,0.08323368691984714,7.340527310091681,0.0061293856986948244,0.25,1.0,0.25,1.0
yelp_iid,ct_client_min5_f1_worst,fedadagrad,fedavg,3,3,0,3,0.059956877135759035,0.04988791537109628,0.0700258389004218,14.792104990847449,0.001519944568447611,0.25,1.0,0.25,1.0
yelp_iid,ct_client_min5_f1_worst,fedyogi,fedavg,3,3,0,3,0.06327228741578421,0.03793827099280689,0.08860630383876153,6.204190944460733,0.008548922232697874,0.25,1.0,0.25,1.0
yelp_iid,ct_client_min5_f1_std,centralized,fedavg,3,0,3,3,-0.003058151100792742,-0.004917993817721764,-0.0011983083838637202,-4.08468329529177,0.019399012533619236,0.25,-1.0,0.25,1.0
yelp_iid,ct_client_min5_f1_std,local_only,fedavg,3,3,0,3,0.01067489462294534,0.005008850820360295,0.016340938425530385,4.680145305216481,0.014879284543544462,0.25,1.0,0.25,1.0
yelp_iid,ct_client_min5_f1_std,fedprox,fedavg,3,3,0,3,7.03830894369286e-05,-0.00022260522062558037,0.0003633713994994376,0.5967517499331912,0.4099310903130896,0.25,1.0,0.25,1.0
yelp_iid,ct_client_min5_f1_std,fednova,fedavg,3,3,0,3,3.3665247032600244e-05,1.5725066076900187e-05,5.16054279883003e-05,4.661553299578176,0.014995547757351712,0.25,1.0,0.25,1.0
yelp_iid,ct_client_min5_f1_std,scaffold,fedavg,3,1,2,3,4.7466053607469215e-05,-0.00041162384065861456,0.000506555947873553,0.2568390532376571,0.6999332792957478,1.0,0.0,0.25,1.0
yelp_iid,ct_client_min5_f1_std,fedadam,fedavg,3,0,3,3,-0.0041492998390001016,-0.005480400162903031,-0.002818199515097172,-7.743542708484379,0.005513105289606245,0.25,-1.0,0.25,1.0
yelp_iid,ct_client_min5_f1_std,fedadagrad,fedavg,3,0,3,3,-0.00421157158098612,-0.004868349671650608,-0.003554793490321633,-15.929465277196824,0.001311057136919307,0.25,-1.0,0.25,1.0
yelp_iid,ct_client_min5_f1_std,fedyogi,fedavg,3,0,3,3,-0.004437025652429598,-0.005718693605137417,-0.003155357699721779,-8.599873881466005,0.004476829418316529,0.25,-1.0,0.25,1.0
yelp_iid,rounds_to_target,fedprox,fedavg,3,1,0,3,0.3333333333333333,-1.100884243249821,1.7675509099164874,0.5773502691896256,0.4226497308103743,1.0,1.0,0.25,1.0
yelp_iid,rounds_to_target,fednova,fedavg,3,0,0,3,0.0,0.0,0.0,,,,,0.25,
yelp_iid,rounds_to_target,scaffold,fedavg,3,1,0,3,0.3333333333333333,-1.100884243249821,1.7675509099164874,0.5773502691896256,0.4226497308103743,1.0,1.0,0.25,1.0
yelp_iid,rounds_to_target,fedadam,fedavg,3,0,3,3,-6.666666666666667,-8.100884243249821,-5.232449090083513,-11.547005383792515,0.0024906638923670966,0.25,-1.0,0.25,1.0
yelp_iid,rounds_to_target,fedadagrad,fedavg,3,0,3,3,-4.0,-4.0,-4.0,,,0.25,-1.0,0.25,1.0
yelp_iid,rounds_to_target,fedyogi,fedavg,3,0,3,3,-6.333333333333333,-7.767550909916487,-4.899115756750179,-10.969655114602887,0.002758625945191862,0.25,-1.0,0.25,1.0
yelp_iid,total_bytes,centralized,fedavg,3,0,3,3,-1000020000.0,-1000020000.0,-1000020000.0,,,0.25,-1.0,0.25,0.75
yelp_iid,total_bytes,local_only,fedavg,3,0,3,3,-1000020000.0,-1000020000.0,-1000020000.0,,,0.25,-1.0,0.25,0.75
yelp_iid,total_bytes,fedprox,fedavg,3,0,0,3,0.0,0.0,0.0,,,,,0.25,
yelp_iid,total_bytes,fednova,fedavg,3,0,0,3,0.0,0.0,0.0,,,,,0.25,
yelp_iid,total_bytes,scaffold,fedavg,3,3,0,3,1000020000.0,1000020000.0,1000020000.0,,,0.25,1.0,0.25,0.75
yelp_iid,total_bytes,fedadam,fedavg,3,0,0,3,0.0,0.0,0.0,,,,,0.25,
yelp_iid,total_bytes,fedadagrad,fedavg,3,0,0,3,0.0,0.0,0.0,,,,,0.25,
yelp_iid,total_bytes,fedyogi,fedavg,3,0,0,3,0.0,0.0,0.0,,,,,0.25,
yelp_iid,wall_s,centralized,fedavg,3,2,1,3,10.437680845667009,-41.503445861066915,62.378807552400936,0.4991928026192386,0.4783805936470846,0.5,0.6666666666666666,0.25,1.0
yelp_iid,wall_s,local_only,fedavg,3,0,3,3,-129.83430276033323,-184.70792727622992,-74.96067824443654,-5.877619541466941,0.009511413415836471,0.25,-1.0,0.25,1.0
yelp_iid,wall_s,fedprox,fedavg,3,1,2,3,-9.771607331999803,-77.14454729004113,57.601332626041525,-0.36029329123761206,0.5962901883788734,0.75,-0.3333333333333333,0.25,1.0
yelp_iid,wall_s,fednova,fedavg,3,1,2,3,-9.026978578999357,-75.9694838343038,57.915526676305085,-0.3349778713200734,0.6204388768642568,0.75,-0.3333333333333333,0.25,1.0
yelp_iid,wall_s,scaffold,fedavg,3,2,1,3,-4.3576022419989995,-64.60004181663575,55.88483733263775,-0.17968867360934354,0.7850704188013538,1.0,0.0,0.25,1.0
yelp_iid,wall_s,fedadam,fedavg,3,1,2,3,-6.632916004000435,-90.74378360888124,77.47795160088037,-0.19589712071230198,0.7666969314752019,0.75,-0.3333333333333333,0.25,1.0
yelp_iid,wall_s,fedadagrad,fedavg,3,2,1,3,69.29322192033396,-199.33082541274382,337.91726925341175,0.6407985712744119,0.3826160625237447,0.5,0.6666666666666666,0.25,1.0
yelp_iid,wall_s,fedyogi,fedavg,3,1,2,3,-0.7099980083330593,-93.64555178932024,92.22555577265412,-0.01897802031636038,0.9767630429592571,1.0,0.0,0.25,1.0
yelp_iid,val_f1_last10_std,fedprox,fedavg,3,2,1,3,7.806408745103117e-06,-4.824480435751952e-05,6.385762184772576e-05,0.3459727860223753,0.6098512922913166,0.75,0.3333333333333333,0.25,1.0
yelp_iid,val_f1_last10_std,fednova,fedavg,3,1,2,3,-4.486215642617783e-06,-1.4749876510824513e-05,5.777445225588947e-06,-1.0858092062835494,0.2007566228825553,0.5,-0.6666666666666666,0.25,1.0
yelp_iid,val_f1_last10_std,scaffold,fedavg,3,2,1,3,3.50984124080415e-06,-9.709717941314894e-05,0.00010411686189475723,0.08666322620294763,0.8944525299318332,0.75,0.3333333333333333,0.25,1.0
yelp_iid,val_f1_last10_std,fedadam,fedavg,3,0,3,3,-0.001416629039686022,-0.001720187571104737,-0.001113070508267307,-11.592827269909975,0.00247108635116069,0.25,-1.0,0.25,1.0
yelp_iid,val_f1_last10_std,fedadagrad,fedavg,3,0,3,3,-0.0014379469596085192,-0.0017100628641678558,-0.0011658310550491826,-13.126973506546145,0.0019288195468662923,0.25,-1.0,0.25,1.0
yelp_iid,val_f1_last10_std,fedyogi,fedavg,3,0,3,3,-0.0011441742434215244,-0.0013134259953733868,-0.0009749224914696621,-16.793246475257742,0.0011798865870113393,0.25,-1.0,0.25,1.0
