regime,method,variant,seed,kind,diverged,git_commit,official,partition_sha256,val_accuracy,val_macro_f1,val_f1_class0,val_f1_class1,ct_accuracy,ct_macro_f1,ct_f1_class0,ct_f1_class1,held_accuracy,held_macro_f1,held_f1_class0,held_f1_class1,held_precision_class0,held_recall_class0,held_precision_class1,held_recall_class1,ct_client_f1_mean,ct_client_f1_median,ct_client_f1_std,ct_client_f1_p10,ct_client_f1_p25,ct_client_f1_p75,ct_client_f1_p90,ct_client_f1_worst,ct_client_f1_best,ct_client_f1_iqr,ct_client_f1_spread,ct_client_count,ct_client_min5_f1_mean,ct_client_min5_f1_median,ct_client_min5_f1_std,ct_client_min5_f1_p10,ct_client_min5_f1_p25,ct_client_min5_f1_p75,ct_client_min5_f1_p90,ct_client_min5_f1_worst,ct_client_min5_f1_best,ct_client_min5_f1_iqr,ct_client_min5_f1_spread,ct_client_min5_count,held_client_count,held_client_min5_count,total_bytes,bytes_per_round,wall_s,mean_round_wall_s,peak_rss_mb,val_f1_last10_std,val_f1_best_minus_final,target_val_f1,rounds_to_target,bytes_to_target,val_f1_class2,val_f1_class3,val_f1_class4,ct_f1_class2,ct_f1_class3,ct_f1_class4,held_f1_class2,held_f1_class3,held_f1_class4,held_precision_class2,held_recall_class2,held_precision_class3,held_recall_class3,held_precision_class4,held_recall_class4,held_client_f1_mean,held_client_f1_median,held_client_f1_std,held_client_f1_p10,held_client_f1_p25,held_client_f1_p75,held_client_f1_p90,held_client_f1_worst,held_client_f1_best,held_client_f1_iqr,held_client_f1_spread,held_client_min5_f1_mean,held_client_min5_f1_median,held_client_min5_f1_std,held_client_min5_f1_p10,held_client_min5_f1_p25,held_client_min5_f1_p75,held_client_min5_f1_p90,held_client_min5_f1_worst,held_client_min5_f1_best,held_client_min5_f1_iqr,held_client_min5_f1_spread,gap_mean_client_f1,gap_p10_client_f1,gap_pooled_macro_f1
yelp_iid,centralized,,42,centralized,False,3415496ee93fbd583f7f0657bcbf7f3648120c36,True,8777d669aec362ff9ddba49df3ff007bb9be447fca0ade78d3fa0db33ac07a75,0.9441071428571428,0.9441067834723156,0.9442485126999394,0.9439650542446919,0.9469285714285715,0.9469284576361445,0.947006169537463,0.9468507457348261,0.9478157894736842,0.9478156174170045,0.9479103732695894,0.9477208615644196,0.9461953956683623,0.9496315789473684,0.9494479953515398,0.946,0.9468415422393468,0.94737715795386,0.009905006175149524,0.9327677628676838,0.9417094362842249,0.9536105845305927,0.9575288891377962,0.9171146953405017,0.9772049588350361,0.011901148246367788,0.06009026349453439,100,0.9468415422393468,0.94737715795386,0.009905006175149524,0.9327677628676838,0.9417094362842249,0.9536105845305927,0.9575288891377962,0.9171146953405017,0.9772049588350361,0.011901148246367788,0.06009026349453439,100,0,0,0,,630.6635663430001,,1241.90625,,,,,,,,,,,,,,,,,,,,,,,,,,,,,,,,,,,,,,,,,,,,,
yelp_iid,centralized,,123,centralized,False,3415496ee93fbd583f7f0657bcbf7f3648120c36,True,33b215493c604be4cd94ead757472681c8d21c763431c55687902a382a495306,0.9439642857142857,0.943963883669446,0.9441139804096171,0.9438137869292749,0.9469642857142857,0.9469641719984352,0.9470418316037231,0.9468865123931471,0.9477368421052632,0.9477366439098767,0.9478384199191048,0.9476348679006485,0.9459997902904478,0.9496842105263158,0.9494874775441192,0.9457894736842105,0.9468437297949963,0.9467847767701243,0.010789999487976073,0.9360071942446044,0.9396784409057025,0.9544402141453827,0.9604946169576261,0.9087396749267252,0.9689008185570644,0.014761773239680198,0.0601611436303392,100,0.9468437297949963,0.9467847767701243,0.010789999487976073,0.9360071942446044,0.9396784409057025,0.9544402141453827,0.9604946169576261,0.9087396749267252,0.9689008185570644,0.014761773239680198,0.0601611436303392,100,0,0,0,,612.4673766590001,,1228.02734375,,,,,,,,,,,,,,,,,,,,,,,,,,,,,,,,,,,,,,,,,,,,,
yelp_iid,centralized,,456,centralized,False,3415496ee93fbd583f7f0657bcbf7f3648120c36,True,6c6c264f8db6ecc8386f2887bc81e8386027774855e9bde3b1e4dbcad4f4efa5,0.9441071428571428,0.9441069112287686,0.9442206935880529,0.9439931288694843,0.9467678571428572,0.9467678057948381,0.9468200874141468,0.9467155241755295,0.9478157894736842,0.9478156954768864,0.9478857323066411,0.9477456586471318,0.9466169754868511,0.9491578947368421,0.949021056520133,0.9464736842105264,0.9466654209074291,0.9469248833180239,0.009927514519330794,0.933986602178316,0.9386516655457644,0.953381976094844,0.9585248771569157,0.9220376522702104,0.9744210414621853,0.014730310549079584,0.05238338919197494,100,0.9466654209074291,0.9469248833180239,0.009927514519330794,0.933986602178316,0.9386516655457644,0.953381976094844,0.9585248771569157,0.9220376522702104,0.9744210414621853,0.014730310549079584,0.05238338919197494,100,0,0,0,,631.1089561070003,,1224.5,,,,,,,,,,,,,,,,,,,,,,,,,,,,,,,,,,,,,,,,,,,,,
yelp_iid,local_only,,42,local_only,False,3415496ee93fbd583f7f0657bcbf7f3648120c36,True,8777d669aec362ff9ddba49df3ff007bb9be447fca0ade78d3fa0db33ac07a75,0.8431964285714286,0.8431218493689526,0.8397013454060864,0.8465423533318188,0.8422321428571429,0.842139447654255,0.8383141481983053,0.8459647471102046,,,,,,,,,0.8408172056347964,0.8433240653524248,0.02227152961956658,0.8170259223713656,0.8260799572051234,0.8548488348527714,0.8674404073515557,0.7813278293773651,0.8900291696682688,0.028768877647648017,0.10870134029090373,100,0.8408172056347964,0.8433240653524248,0.02227152961956658,0.8170259223713656,0.8260799572051234,0.8548488348527714,0.8674404073515557,0.7813278293773651,0.8900291696682688,0.028768877647648017,0.10870134029090373,100,0,0,0,,457.83323723700005,,1181.28125,,,,,,,,,,,,,,,,,,,,,,,,,,,,,,,,,,,,,,,,,,,,,
yelp_iid,local_only,,123,local_only,False,3415496ee93fbd583f7f0657bcbf7f3648120c36,True,33b215493c604be4cd94ead757472681c8d21c763431c55687902a382a495306,0.8474464285714286,0.8474191332848189,0.8453783641925033,0.8494599023771344,0.8467678571428572,0.846730608721969,0.8443412483900811,0.8491199690538569,,,,,,,,,0.8455253051250938,0.8493334867103339,0.02669546729979073,0.8221938487435306,0.8353284729162088,0.8608793407903841,0.8706728250072816,0.680412440474589,0.8943840534230413,0.025550867874175265,0.21397161294845224,100,0.8455253051250938,0.8493334867103339,0.02669546729979073,0.8221938487435306,0.8353284729162088,0.8608793407903841,0.8706728250072816,0.680412440474589,0.8943840534230413,0.025550867874175265,0.21397161294845224,100,0,0,0,,493.50892201099987,,1183.8359375,,,,,,,,,,,,,,,,,,,,,,,,,,,,,,,,,,,,,,,,,,,,,
yelp_iid,local_only,,456,local_only,False,3415496ee93fbd583f7f0657bcbf7f3648120c36,True,6c6c264f8db6ecc8386f2887bc81e8386027774855e9bde3b1e4dbcad4f4efa5,0.84825,0.8482496746271722,0.8480274687935906,0.8484718804607538,0.8498392857142857,0.8498373511730947,0.849298374522841,0.8503763278233484,,,,,,,,,0.8491111811332321,0.8531851454163069,0.022854660434313327,0.8151344927540751,0.8345962385520824,0.8656707748840364,0.8759950514077868,0.7793293106210284,0.8865049833887043,0.031074536331954006,0.10717567276767592,100,0.8491111811332321,0.8531851454163069,0.022854660434313327,0.8151344927540751,0.8345962385520824,0.8656707748840364,0.8759950514077868,0.7793293106210284,0.8865049833887043,0.031074536331954006,0.10717567276767592,100,0,0,0,,502.08178904299984,,1180.30078125,,,,,,,,,,,,,,,,,,,,,,,,,,,,,,,,,,,,,,,,,,,,,
yelp_iid,fedavg,,42,federated,False,3415496ee93fbd583f7f0657bcbf7f3648120c36,True,8777d669aec362ff9ddba49df3ff007bb9be447fca0ade78d3fa0db33ac07a75,0.9018035714285715,0.9018014709006599,0.9022556390977443,0.9013473027035753,0.9041071428571429,0.9041061299781408,0.9044177850557119,0.9037944749005697,0.9016578947368421,0.9016566164771709,0.9020111702546084,0.9013020626997332,0.898782463291007,0.9052631578947369,0.9045750940995599,0.8980526315789473,0.9038436402736234,0.9039742920237575,0.013788071233542856,0.8862689285993994,0.8955542236132752,0.9117806077052533,0.9216301790145873,0.8654594952805689,0.93917183272254,0.016226384091978074,0.07371233744197114,100,0.9038436402736234,0.9039742920237575,0.013788071233542856,0.8862689285993994,0.8955542236132752,0.9117806077052533,0.9216301790145873,0.8654594952805689,0.93917183272254,0.016226384091978074,0.07371233744197114,100,0,0,1000020000,20000400.0,601.7022517979995,12.028596410639967,1220.60546875,0.0016768393040576665,0.0,0.8558012804035614,9,180003600,,,,,,,,,,,,,,,,,,,,,,,,,,,,,,,,,,,,,,,,
yelp_iid,fedavg,,123,federated,False,3415496ee93fbd583f7f0657bcbf7f3648120c36,True,33b215493c604be4cd94ead757472681c8d21c763431c55687902a382a495306,0.9017857142857143,0.9017853489873439,0.901974762957154,0.9015959350175338,0.9044107142857143,0.9044106008647468,0.9045147250316619,0.9043064766978316,0.9022105263157895,0.9022105130424242,0.9022465407481454,0.902174485336703,0.901914378878721,0.902578947368421,0.9025071105024756,0.9018421052631579,0.9041590158615948,0.9041987904967533,0.013659681584005299,0.8868033564256894,0.8948786055205914,0.9162227244976426,0.9209235090691591,0.8698156572158804,0.9296322489391796,0.02134411897705124,0.05981659172329923,100,0.9041590158615948,0.9041987904967533,0.013659681584005299,0.8868033564256894,0.8948786055205914,0.9162227244976426,0.9209235090691591,0.8698156572158804,0.9296322489391796,0.02134411897705124,0.05981659172329923,100,0,0,1000020000,20000400.0,597.8807919309993,11.95188102628008,1221.46484375,0.0014662235270197028,0.0,0.8558012804035614,9,180003600,,,,,,,,,,,,,,,,,,,,,,,,,,,,,,,,,,,,,,,,
yelp_iid,fedavg,,456,federated,False,3415496ee93fbd583f7f0657bcbf7f3648120c36,True,6c6c264f8db6ecc8386f2887bc81e8386027774855e9bde3b1e4dbcad4f4efa5,0.9018928571428572,0.9018893251585628,0.9024779892076114,0.9013006611095142,0.9041428571428571,0.9041408538823341,0.9045790671217292,0.903702640642939,0.9018684210526315,0.9018660951295747,0.9023438522980228,0.9013883379611266,0.8979932238728173,0.9067368421052632,0.9058198246080255,0.897,0.9039662096708767,0.9060427411529149,0.012349220667286461,0.8875949367836053,0.8965845882829975,0.9112969737676505,0.9168805797830902,0.8625040711554024,0.9367676700555962,0.014712385484653034,0.07426359890019385,100,0.9039662096708767,0.9060427411529149,0.012349220667286461,0.8875949367836053,0.8965845882829975,0.9112969737676505,0.9168805797830902,0.8625040711554024,0.9367676700555962,0.014712385484653034,0.07426359890019385,100,0,0,1000020000,20000400.0,643.3438128430007,12.86095437578002,1221.25390625,0.0016315410010950826,0.0,0.8558012804035614,9,180003600,,,,,,,,,,,,,,,,,,,,,,,,,,,,,,,,,,,,,,,,
yelp_iid,fedprox,,42,federated,False,3415496ee93fbd583f7f0657bcbf7f3648120c36,True,8777d669aec362ff9ddba49df3ff007bb9be447fca0ade78d3fa0db33ac07a75,0.901375,0.9013728575958011,0.9018325305273635,0.9009131846642388,0.9036964285714286,0.9036954446128,0.9040032752451984,0.9033876139804017,0.9011842105263158,0.9011829633376086,0.9015340238625934,0.9008319028126238,0.8983538019336295,0.9047368421052632,0.9040551285449244,0.8976315789473684,0.9034381793631799,0.9037414677058829,0.013788151802559564,0.886573410470529,0.8951853291962399,0.9120711796752392,0.9216301790145873,0.8654594952805689,0.93917183272254,0.016885850478999265,0.07371233744197114,100,0.9034381793631799,0.9037414677058829,0.013788151802559564,0.886573410470529,0.8951853291962399,0.9120711796752392,0.9216301790145873,0.8654594952805689,0.93917183272254,0.016885850478999265,0.07371233744197114,100,0,0,1000020000,20000400.0,593.341447924,11.860683814160074,1220.9140625,0.001658779398973846,0.0,0.8558012804035614,10,200004000,,,,,,,,,,,,,,,,,,,,,,,,,,,,,,,,,,,,,,,,
yelp_iid,fedprox,,123,federated,False,3415496ee93fbd583f7f0657bcbf7f3648120c36,True,33b215493c604be4cd94ead757472681c8d21c763431c55687902a382a495306,0.9012678571428572,0.9012674830864051,0.9014596588782549,0.9010753072945554,0.9040714285714285,0.9040713184492176,0.9041740991794506,0.9039685377189847,0.901578947368421,0.9015789375535783,0.9016100178890877,0.9015478572180688,0.9013254786450663,0.9018947368421053,0.9018327364651358,0.9012631578947369,0.9038169879545385,0.9038507623130004,0.013866230166352056,0.8868033564256894,0.8939908169852135,0.9145455631027256,0.9209235090691591,0.8698156572158804,0.9296322489391796,0.020554746117512068,0.05981659172329923,100,0.9038169879545385,0.9038507623130004,0.013866230166352056,0.8868033564256894,0.8939908169852135,0.9145455631027256,0.9209235090691591,0.8698156572158804,0.9296322489391796,0.020554746117512068,0.05981659172329923,100,0,0,1000020000,20000400.0,614.4975065789995,12.284330601979946,1219.5546875,0.001484257793456806,0.0,0.8558012804035614,9,180003600,,,,,,,,,,,,,,,,,,,,,,,,,,,,,,,,,,,,,,,,
yelp_iid,fedprox,,456,federated,False,3415496ee93fbd583f7f0657bcbf7f3648120c36,True,6c6c264f8db6ecc8386f2887bc81e8386027774855e9bde3b1e4dbcad4f4efa5,0.9014642857142857,0.9014605239949269,0.9020693571859583,0.9008516908038955,0.903875,0.9038729754165029,0.9043141297971808,0.9034318210358251,0.9012631578947369,0.9012607411077795,0.9017492405991411,0.9007722416164181,0.8973316656243485,0.9062105263157895,0.9052732298532852,0.8963157894736842,0.9037057271456987,0.9053429314111059,0.012353740784233782,0.8875949367836053,0.8962401835972629,0.9112969737676505,0.9168805797830902,0.8625040711554024,0.9367676700555962,0.015056790170387635,0.07426359890019385,100,0.9037057271456987,0.9053429314111059,0.012353740784233782,0.8875949367836053,0.8962401835972629,0.9112969737676505,0.9168805797830902,0.8625040711554024,0.9367676700555962,0.015056790170387635,0.07426359890019385,100,0,0,1000020000,20000400.0,605.7730800730005,12.109514459019993,1221.4765625,0.0016549858659771093,0.0,0.8558012804035614,9,180003600,,,,,,,,,,,,,,,,,,,,,,,,,,,,,,,,,,,,,,,,
yelp_iid,fednova,,42,federated,False,3415496ee93fbd583f7f0657bcbf7f3648120c36,True,8777d669aec362ff9ddba49df3ff007bb9be447fca0ade78d3fa0db33ac07a75,0.9018392857142857,0.9018373136647315,0.9022772928481271,0.901397334481336,0.9040714285714285,0.9040704810227105,0.9043719737966391,0.9037689882487818,0.9016842105263158,0.9016829879638033,0.9020296847957203,0.9013362911318863,0.8988711194731891,0.9052105263157895,0.9045372628008057,0.8981578947368422,0.903812708703435,0.9039742920237575,0.013828630934633135,0.8862689285993994,0.8955224988010433,0.9117806077052533,0.9206579554937094,0.8654594952805689,0.93917183272254,0.016258108904209978,0.07371233744197114,100,0.903812708703435,0.9039742920237575,0.013828630934633135,0.8862689285993994,0.8955224988010433,0.9117806077052533,0.9206579554937094,0.8654594952805689,0.93917183272254,0.016258108904209978,0.07371233744197114,100,0,0,1000020000,20000400.0,600.2024070309999,11.998563748540036,1219.46875,0.0016771029094509468,0.0,0.8558012804035614,9,180003600,,,,,,,,,,,,,,,,,,,,,,,,,,,,,,,,,,,,,,,,
yelp_iid,fednova,,123,federated,False,3415496ee93fbd583f7f0657bcbf7f3648120c36,True,33b215493c604be4cd94ead757472681c8d21c763431c55687902a382a495306,0.9017857142857143,0.9017853489873439,0.901974762957154,0.9015959350175338,0.9044107142857143,0.9044106008647468,0.9045147250316619,0.9043064766978316,0.9022105263157895,0.9022105130424242,0.9022465407481454,0.902174485336703,0.901914378878721,0.902578947368421,0.9025071105024756,0.9018421052631579,0.904158521941229,0.9041987904967533,0.013693962317435226,0.8868033564256894,0.8948786055205914,0.9166827148895871,0.9209235090691591,0.8698156572158804,0.9296322489391796,0.021804109368995683,0.05981659172329923,100,0.904158521941229,0.9041987904967533,0.013693962317435226,0.8868033564256894,0.8948786055205914,0.9166827148895871,0.9209235090691591,0.8698156572158804,0.9296322489391796,0.021804109368995683,0.05981659172329923,100,0,0,1000020000,20000400.0,611.2379151050009,12.219278966980019,1222.12109375,0.0014597499258482188,0.0,0.8558012804035614,9,180003600,,,,,,,,,,,,,,,,,,,,,,,,,,,,,,,,,,,,,,,,
yelp_iid,fednova,,456,federated,False,3415496ee93fbd583f7f0657bcbf7f3648120c36,True,6c6c264f8db6ecc8386f2887bc81e8386027774855e9bde3b1e4dbcad4f4efa5,0.9018571428571428,0.9018535673976256,0.9024459512229756,0.9012611835722755,0.9041428571428571,0.9041408224584522,0.9045824593835543,0.90369918553335,0.9018684210526315,0.9018660951295747,0.9023438522980228,0.9013883379611266,0.8979932238728173,0.9067368421052632,0.9058198246080255,0.897,0.9039659014138514,0.9060427411529149,0.012375375973864056,0.8875949367836053,0.8965845882829975,0.9112969737676505,0.9168805797830902,0.8625040711554024,0.9367676700555962,0.014712385484653034,0.07426359890019385,100,0.9039659014138514,0.9060427411529149,0.012375375973864056,0.8875949367836053,0.8965845882829975,0.9112969737676505,0.9168805797830902,0.8625040711554024,0.9367676700555962,0.014712385484653034,0.07426359890019385,100,0,0,1000020000,20000400.0,604.4055986990006,12.082555533040031,1220.26171875,0.001624292349945433,0.0,0.8558012804035614,9,180003600,,,,,,,,,,,,,,,,,,,,,,,,,,,,,,,,,,,,,,,,
yelp_iid,scaffold,,42,federated,False,3415496ee93fbd583f7f0657bcbf7f3648120c36,True,8777d669aec362ff9ddba49df3ff007bb9be447fca0ade78d3fa0db33ac07a75,0.9017857142857143,0.9017825071839081,0.90234375,0.9012212643678161,0.90425,0.9042482994302568,0.9046518244540863,0.9038447744064271,0.9014473684210527,0.9014450827523381,0.9019197024853993,0.900970463019277,0.8976176823228901,0.9062631578947369,0.9053515438167614,0.8966315789473684,0.9039922395302216,0.9036414806496087,0.013732511366575596,0.8865758381129087,0.895660882825298,0.9117806077052533,0.9219347123752313,0.8673292441743816,0.93917183272254,0.016119724879955277,0.07184258854815839,100,0.9039922395302216,0.9036414806496087,0.013732511366575596,0.8865758381129087,0.895660882825298,0.9117806077052533,0.9219347123752313,0.8673292441743816,0.93917183272254,0.016119724879955277,0.07184258854815839,100,0,0,2000040000,40000800.0,611.3131755619997,12.220690351359881,1225.20703125,0.0016803278527404526,0.0,0.8558012804035614,10,400008000,,,,,,,,,,,,,,,,,,,,,,,,,,,,,,,,,,,,,,,,
yelp_iid,scaffold,,123,federated,False,3415496ee93fbd583f7f0657bcbf7f3648120c36,True,33b215493c604be4cd94ead757472681c8d21c763431c55687902a382a495306,0.9014642857142857,0.9014640744401903,0.9016083591883313,0.9013197896920492,0.9041785714285714,0.9041785474732082,0.9042264581994717,0.9041306367469449,0.9017894736842105,0.9017894725960053,0.9017791346457522,0.9017998105462584,0.9018740787534217,0.9016842105263158,0.9017049042306883,0.9018947368421053,0.9039230913390326,0.9038843678902507,0.013920504491133757,0.8862025529012463,0.8945495270468158,0.9139995295539691,0.9211770565097743,0.8698156572158804,0.9313040085992776,0.01945000250715334,0.061488351383397255,100,0.9039230913390326,0.9038843678902507,0.013920504491133757,0.8862025529012463,0.8945495270468158,0.9139995295539691,0.9211770565097743,0.8698156572158804,0.9313040085992776,0.01945000250715334,0.061488351383397255,100,0,0,2000040000,40000800.0,607.5571024640012,12.145526926499988,1224.359375,0.0015102437862509841,0.0,0.8558012804035614,9,360007200,,,,,,,,,,,,,,,,,,,,,,,,,,,,,,,,,,,,,,,,
yelp_iid,scaffold,,456,federated,False,3415496ee93fbd583f7f0657bcbf7f3648120c36,True,6c6c264f8db6ecc8386f2887bc81e8386027774855e9bde3b1e4dbcad4f4efa5,0.90175,0.9017468317112914,0.9023047693455023,0.9011888940770806,0.9042142857142857,0.9042125263525248,0.9046230440967282,0.9038020086083214,0.9016052631578947,0.9016028802985603,0.9020870977034069,0.9011186628937138,0.897691145046125,0.9065263157894737,0.9055971934300749,0.8966842105263158,0.904042865925646,0.9061457390792348,0.012286355787947671,0.8859301369884952,0.8975551858846591,0.9114253756865625,0.917689224253579,0.8625040711554024,0.9367676700555962,0.013870189801903354,0.07426359890019385,100,0.904042865925646,0.9061457390792348,0.012286355787947671,0.8859301369884952,0.8975551858846591,0.9114253756865625,0.917689224253579,0.8625040711554024,0.9367676700555962,0.013870189801903354,0.07426359890019385,100,0,0,2000040000,40000800.0,610.9837718200015,12.213823329419903,1222.6171875,0.0015945617169034277,0.0,0.8558012804035614,9,360007200,,,,,,,,,,,,,,,,,,,,,,,,,,,,,,,,,,,,,,,,
yelp_iid,fedadam,,42,federated,False,3415496ee93fbd583f7f0657bcbf7f3648120c36,True,8777d669aec362ff9ddba49df3ff007bb9be447fca0ade78d3fa0db33ac07a75,0.9512321428571429,0.9512320958153986,0.9512799928641512,0.9511841987666458,0.9519107142857143,0.9519106233667366,0.9519767462596074,0.9518445004738658,0.9532105263157895,0.9532104843218752,0.9532548112314649,0.9531661574122853,0.9523534355957134,0.9541578947368421,0.9540708711242354,0.9522631578947368,0.9518496036062523,0.9520181812569004,0.009240706146047757,0.9412810486098014,0.9451922807889759,0.9577530185322495,0.9629672271824667,0.9280303030303031,0.9824674527143208,0.012560737743273598,0.054437149684017694,100,0.9518496036062523,0.9520181812569004,0.009240706146047757,0.9412810486098014,0.9451922807889759,0.9577530185322495,0.9629672271824667,0.9280303030303031,0.9824674527143208,0.012560737743273598,0.054437149684017694,100,0,0,1000020000,20000400.0,591.9930106509983,11.834021611840072,1224.5,0.00013323021204190289,1.7736046266425554e-05,0.8558012804035614,3,60001200,,,,,,,,,,,,,,,,,,,,,,,,,,,,,,,,,,,,,,,,
yelp_iid,fedadam,,123,federated,False,3415496ee93fbd583f7f0657bcbf7f3648120c36,True,33b215493c604be4cd94ead757472681c8d21c763431c55687902a382a495306,0.9510357142857143,0.9510352840332548,0.951180429441299,0.9508901386252104,0.95225,0.9522495904671509,0.9523894309522113,0.9521097499820903,0.9537368421052631,0.9537366851175604,0.9538219070133965,0.9536514632217243,0.952071316203461,0.9555789473684211,0.9554146856840993,0.9518947368421052,0.9521238041597627,0.9527801411525517,0.010119636915153373,0.9404810709791553,0.9462141214845298,0.9595712253157167,0.9638866593667417,0.9233472617212946,0.9767850480402818,0.013357103831186934,0.05343778631898721,100,0.9521238041597627,0.9527801411525517,0.010119636915153373,0.9404810709791553,0.9462141214845298,0.9595712253157167,0.9638866593667417,0.9233472617212946,0.9767850480402818,0.013357103831186934,0.05343778631898721,100,0,0,1000020000,20000400.0,626.5402424399999,12.524898921339881,1225.06640625,0.00016637227046513192,0.0003932843596021751,0.8558012804035614,2,40000800,,,,,,,,,,,,,,,,,,,,,,,,,,,,,,,,,,,,,,,,
yelp_iid,fedadam,,456,federated,False,3415496ee93fbd583f7f0657bcbf7f3648120c36,True,6c6c264f8db6ecc8386f2887bc81e8386027774855e9bde3b1e4dbcad4f4efa5,0.9514821428571428,0.9514807964337721,0.9512252042007001,0.9517363886668442,0.9516428571428571,0.9516417329981937,0.9514085770680064,0.951874888928381,0.9542894736842106,0.9542882945184781,0.9540561271722168,0.9545204618647395,0.9589514542457596,0.9492105263157895,0.9497212525399885,0.9593684210526315,0.951543581160076,0.9527622759687977,0.007988730906633181,0.9398333310834776,0.9468273253332506,0.9569405034874147,0.9606135474786517,0.9329665394116327,0.9708624708624708,0.010113178154164015,0.03789593145083814,100,0.951543581160076,0.9527622759687977,0.007988730906633181,0.9398333310834776,0.9468273253332506,0.9569405034874147,0.9606135474786517,0.9329665394116327,0.9708624708624708,0.010113178154164015,0.03789593145083814,100,0,0,1000020000,20000400.0,604.494855469,12.083688413439885,1226.06640625,0.0002251142306073509,0.00019773949331547414,0.8558012804035614,2,40000800,,,,,,,,,,,,,,,,,,,,,,,,,,,,,,,,,,,,,,,,
yelp_iid,fedadagrad,,42,federated,False,3415496ee93fbd583f7f0657bcbf7f3648120c36,True,8777d669aec362ff9ddba49df3ff007bb9be447fca0ade78d3fa0db33ac07a75,0.9522678571428571,0.9522678553011513,0.9522772312581458,0.9522584793441569,0.9533035714285715,0.9533035326984975,0.9532610055586338,0.9533460598383614,0.9539736842105263,0.953973667349079,0.9539458093056323,0.9540015253925256,0.954523897349423,0.9533684210526315,0.9534248015560112,0.9545789473684211,0.953221247100437,0.9535637992587874,0.009881751862403136,0.9413282626877413,0.9462077846700496,0.9602215446172738,0.9650309530948208,0.927284588203316,0.9807204137698176,0.014013759947224202,0.053435825566501505,100,0.953221247100437,0.9535637992587874,0.009881751862403136,0.9413282626877413,0.9462077846700496,0.9602215446172738,0.9650309530948208,0.927284588203316,0.9807204137698176,0.014013759947224202,0.053435825566501505,100,0,0,1000020000,20000400.0,787.5012386569997,15.742950384680153,1224.01953125,0.00016379672840453546,7.143039793644501e-05,0.8558012804035614,5,100002000,,,,,,,,,,,,,,,,,,,,,,,,,,,,,,,,,,,,,,,,
yelp_iid,fedadagrad,,123,federated,False,3415496ee93fbd583f7f0657bcbf7f3648120c36,True,33b215493c604be4cd94ead757472681c8d21c763431c55687902a382a495306,0.9522321428571429,0.9522321032384249,0.9521886003324456,0.9522756061444043,0.9531785714285714,0.9531783635381166,0.9530797036612861,0.953277023414947,0.9538947368421052,0.9538945892026182,0.9538120847832965,0.9539770936219398,0.9555250369744348,0.9521052631578948,0.9522760646108663,0.9556842105263158,0.9530731119655879,0.9542359649485294,0.009291332633566778,0.9415327510744249,0.9475198642209808,0.9582510617403892,0.9646686362204654,0.925122031829969,0.9718344718344718,0.01073119751940843,0.04671244000450281,100,0.9530731119655879,0.9542359649485294,0.009291332633566778,0.9415327510744249,0.9475198642209808,0.9582510617403892,0.9646686362204654,0.925122031829969,0.9718344718344718,0.01073119751940843,0.04671244000450281,100,0,0,1000020000,20000400.0,647.8202492150012,12.950260942239911,1224.21484375,0.0001539708617440698,3.573927732669624e-05,0.8558012804035614,5,100002000,,,,,,,,,,,,,,,,,,,,,,,,,,,,,,,,,,,,,,,,
yelp_iid,fedadagrad,,456,federated,False,3415496ee93fbd583f7f0657bcbf7f3648120c36,True,6c6c264f8db6ecc8386f2887bc81e8386027774855e9bde3b1e4dbcad4f4efa5,0.9522142857142857,0.9522141013362966,0.9521202361782073,0.952307966494386,0.9528214285714286,0.9528208506268487,0.9526557236040427,0.9529859776496548,0.9542368421052632,0.9542365796628229,0.9541269883141208,0.9543461710115251,0.9564228674176318,0.9518421052631579,0.9520716568016343,0.9566315789473684,0.9527072640831524,0.9532816919529317,0.007989174245906342,0.9420213665418536,0.9475967120378703,0.958424638181647,0.9618348188611773,0.9252432350258437,0.9726142827048663,0.0108279261437767,0.04737104767902256,100,0.9527072640831524,0.9532816919529317,0.007989174245906342,0.9420213665418536,0.9475967120378703,0.958424638181647,0.9618348188611773,0.9252432350258437,0.9726142827048663,0.0108279261437767,0.04737104767902256,100,0,0,1000020000,20000400.0,615.4850344610004,12.303838774920077,1224.67578125,0.00014299536319828922,0.0005180270360169992,0.8558012804035614,5,100002000,,,,,,,,,,,,,,,,,,,,,,,,,,,,,,,,,,,,,,,,
yelp_iid,fedyogi,,42,federated,False,3415496ee93fbd583f7f0657bcbf7f3648120c36,True,8777d669aec362ff9ddba49df3ff007bb9be447fca0ade78d3fa0db33ac07a75,0.9515714285714286,0.9515714013303418,0.951607722779344,0.9515350798813396,0.9530357142857143,0.9530357142857143,0.9530357142857143,0.9530357142857143,0.9544736842105264,0.9544736739954782,0.9544952390972697,0.9544521088936866,0.9540435377011253,0.9549473684210527,0.9549046465072174,0.954,0.9529118421480163,0.9545186143208564,0.008762483111897654,0.9405155734839602,0.9478422441851234,0.9586319090675741,0.9624097914539091,0.9327040405203177,0.9789697252436959,0.0107896648824507,0.04626568472337811,100,0.9529118421480163,0.9545186143208564,0.008762483111897654,0.9405155734839602,0.9478422441851234,0.9586319090675741,0.9624097914539091,0.9327040405203177,0.9789697252436959,0.0107896648824507,0.04626568472337811,100,0,0,1000020000,20000400.0,642.3894038769995,12.842028082959986,1224.02734375,0.0005002348919386573,0.0,0.8558012804035614,3,60001200,,,,,,,,,,,,,,,,,,,,,,,,,,,,,,,,,,,,,,,,
yelp_iid,fedyogi,,123,federated,False,3415496ee93fbd583f7f0657bcbf7f3648120c36,True,33b215493c604be4cd94ead757472681c8d21c763431c55687902a382a495306,0.9516607142857143,0.9516606131521947,0.9517305326224569,0.9515906936819326,0.9535178571428572,0.9535178297367561,0.9535535214032084,0.9534821380703039,0.9547105263157895,0.9547104878949776,0.9547522019192848,0.9546687738706704,0.9538744418177042,0.9556315789473684,0.955549696809913,0.9537894736842105,0.9534255710371738,0.9550856068870376,0.009596878113356341,0.9415877389040177,0.9493396771477174,0.959606156174148,0.9628594125658785,0.9215012175906032,0.9705842811432872,0.01026647902643063,0.04908306355268399,100,0.9534255710371738,0.9550856068870376,0.009596878113356341,0.9415877389040177,0.9493396771477174,0.959606156174148,0.9628594125658785,0.9215012175906032,0.9705842811432872,0.01026647902643063,0.04908306355268399,100,0,0,1000020000,20000400.0,587.1649457269996,11.737554826199993,1224.359375,0.0004003394729096703,0.0,0.8558012804035614,3,60001200,,,,,,,,,,,,,,,,,,,,,,,,,,,,,,,,,,,,,,,,
yelp_iid,fedyogi,,456,federated,False,3415496ee93fbd583f7f0657bcbf7f3648120c36,True,6c6c264f8db6ecc8386f2887bc81e8386027774855e9bde3b1e4dbcad4f4efa5,0.9518214285714286,0.9518212218451406,0.9519210207427471,0.9517214229475341,0.9532321428571429,0.9532320025382373,0.9533130113909836,0.9531509936854909,0.9549473684210527,0.9549473080179975,0.9549994742929241,0.9548951417430709,0.9538962402856542,0.9561052631578948,0.956003376239713,0.9537894736842105,0.9531005547017039,0.954150766163546,0.008126535302291826,0.9418577152498692,0.9476350914882363,0.9585036874759814,0.9625381986677575,0.9333908277882833,0.9762409406769823,0.010868595987745033,0.042850112888699,100,0.9531005547017039,0.954150766163546,0.008126535302291826,0.9418577152498692,0.9476350914882363,0.9585036874759814,0.9625381986677575,0.9333908277882833,0.9762409406769823,0.010868595987745033,0.042850112888699,100,0,0,1000020000,20000400.0,611.2425129430012,12.218260101879933,1225.95703125,0.00044150673705955064,0.0,0.8558012804035614,2,40000800,,,,,,,,,,,,,,,,,,,,,,,,,,,,,,,,,,,,,,,,
yelp_dir01,centralized,,42,centralized,False,3415496ee93fbd583f7f0657bcbf7f3648120c36,True,d622e279b12549f2932d02aade68101588a0cf515d76d1db6094144feb8f0f84,0.9441071428571428,0.9441067834723156,0.9442485126999394,0.9439650542446919,0.9469285714285715,0.9469284576361445,0.947006169537463,0.9468507457348261,0.9478157894736842,0.9478156174170045,0.9479103732695894,0.9477208615644196,0.9461953956683623,0.9496315789473684,0.9494479953515398,0.946,0.8782460428250763,0.9625790387163681,0.15276417352509583,0.556115111345076,0.8613905857288155,0.9739174660960519,0.9771948515925294,0.506384703736234,0.9868995633187774,0.11252688036723635,0.48051485958254336,100,0.8782460428250763,0.9625790387163681,0.15276417352509583,0.556115111345076,0.8613905857288155,0.9739174660960519,0.9771948515925294,0.506384703736234,0.9868995633187774,0.11252688036723635,0.48051485958254336,100,0,0,0,,662.6297489590033,,1228.90625,,,,,,,,,,,,,,,,,,,,,,,,,,,,,,,,,,,,,,,,,,,,,
yelp_dir01,centralized,,123,centralized,False,3415496ee93fbd583f7f0657bcbf7f3648120c36,True,3cc4dfcc8717f0cf2036a075f84552e64240a2d0ac76b9205c44cabf0d424966,0.9439642857142857,0.943963883669446,0.9441139804096171,0.9438137869292749,0.9469642857142857,0.9469641719984352,0.9470418316037231,0.9468865123931471,0.9477368421052632,0.9477366439098767,0.9478384199191048,0.9476348679006485,0.9459997902904478,0.9496842105263158,0.9494874775441192,0.9457894736842105,0.8677039631005868,0.9659765383823832,0.15812939439849097,0.55003684593715,0.7880693793850759,0.9734471134494853,0.9785690184295516,0.5126262626262627,0.9861239592969472,0.18537773406440938,0.47349769667068453,100,0.8677039631005868,0.9659765383823832,0.15812939439849097,0.55003684593715,0.7880693793850759,0.9734471134494853,0.9785690184295516,0.5126262626262627,0.9861239592969472,0.18537773406440938,0.47349769667068453,100,0,0,0,,637.6463913999978,,1223.94140625,,,,,,,,,,,,,,,,,,,,,,,,,,,,,,,,,,,,,,,,,,,,,
yelp_dir01,centralized,,456,centralized,False,3415496ee93fbd583f7f0657bcbf7f3648120c36,True,6b2e4268be3f7cbb493ed4e79f5ba391b63b84894d826b64c69ce6a49f45eaa6,0.9441071428571428,0.9441069112287686,0.9442206935880529,0.9439931288694843,0.9467678571428572,0.9467678057948381,0.9468200874141468,0.9467155241755295,0.9478157894736842,0.9478156954768864,0.9478857323066411,0.9477456586471318,0.9466169754868511,0.9491578947368421,0.949021056520133,0.9464736842105264,0.8797733037629715,0.968692024623107,0.15120714162763496,0.6016827108448819,0.8242716127708137,0.9738431424815694,0.9776577848850492,0.48579545454545453,0.980353634577603,0.1495715297107557,0.4945581800321485,100,0.8797733037629715,0.968692024623107,0.15120714162763496,0.6016827108448819,0.8242716127708137,0.9738431424815694,0.9776577848850492,0.48579545454545453,0.980353634577603,0.1495715297107557,0.4945581800321485,100,0,0,0,,594.4700541560014,,1227.609375,,,,,,,,,,,,,,,,,,,,,,,,,,,,,,,,,,,,,,,,,,,,,
yelp_dir01,local_only,,42,local_only,False,3415496ee93fbd583f7f0657bcbf7f3648120c36,True,d622e279b12549f2932d02aade68101588a0cf515d76d1db6094144feb8f0f84,0.9479821428571429,0.9479765430197187,0.9485162863858891,0.9474367996535483,0.9492142857142857,0.9492069279101988,0.9498182588135653,0.9485955970068323,,,,,,,,,0.7725917147945378,1.0,0.2482713937829008,0.47401125957558415,0.4977640690227557,1.0,1.0,0.43174924165824063,1.0,0.5022359309772443,0.5682507583417593,100,0.7725917147945378,1.0,0.2482713937829008,0.47401125957558415,0.4977640690227557,1.0,1.0,0.43174924165824063,1.0,0.5022359309772443,0.5682507583417593,100,0,0,0,,460.9577247080015,,1181.29296875,,,,,,,,,,,,,,,,,,,,,,,,,,,,,,,,,,,,,,,,,,,,,
yelp_dir01,local_only,,123,local_only,False,3415496ee93fbd583f7f0657bcbf7f3648120c36,True,3cc4dfcc8717f0cf2036a075f84552e64240a2d0ac76b9205c44cabf0d424966,0.9685,0.9684996958854568,0.9684018199405295,0.9685975718303842,0.9690178571428572,0.9690177219016567,0.9689529910706297,0.9690824527326836,,,,,,,,,0.7810346323231121,1.0,0.2524945421148947,0.47364841890513437,0.4970696192320103,1.0,1.0,0.43529411764705883,1.0,0.5029303807679897,0.5647058823529412,100,0.7810346323231121,1.0,0.2524945421148947,0.47364841890513437,0.4970696192320103,1.0,1.0,0.43529411764705883,1.0,0.5029303807679897,0.5647058823529412,100,0,0,0,,453.9509487200012,,1181.4453125,,,,,,,,,,,,,,,,,,,,,,,,,,,,,,,,,,,,,,,,,,,,,
yelp_dir01,local_only,,456,local_only,False,3415496ee93fbd583f7f0657bcbf7f3648120c36,True,6b2e4268be3f7cbb493ed4e79f5ba391b63b84894d826b64c69ce6a49f45eaa6,0.9743571428571428,0.9743496674865126,0.9739117796671753,0.97478755530585,0.97425,0.9742425247798733,0.9738037277913018,0.9746813217684448,,,,,,,,,0.8102708203730282,1.0,0.24547953849733298,0.4876261313641747,0.49811596396941943,1.0,1.0,0.42649350649350654,1.0,0.5018840360305805,0.5735064935064935,100,0.8102708203730282,1.0,0.24547953849733298,0.4876261313641747,0.49811596396941943,1.0,1.0,0.42649350649350654,1.0,0.5018840360305805,0.5735064935064935,100,0,0,0,,483.39562392099833,,1180.45703125,,,,,,,,,,,,,,,,,,,,,,,,,,,,,,,,,,,,,,,,,,,,,
yelp_dir01,fedavg,,42,federated,False,3415496ee93fbd583f7f0657bcbf7f3648120c36,True,d622e279b12549f2932d02aade68101588a0cf515d76d1db6094144feb8f0f84,0.6821428571428572,0.6470498718063747,0.7583426104428574,0.535757133169892,0.684125,0.6498917451926143,0.7593693460842595,0.5404141443009691,0.6853684210526316,0.6515013737915747,0.7601412350038116,0.5428615125793378,0.6141801205991052,0.9971052631578947,0.9923119932904668,0.3736315789473684,0.6644028545512785,0.6016912026864898,0.22396658862593072,0.35190272457533267,0.5336454956371153,0.7944867506402551,0.9990807138159423,0.2643607337907856,1.0,0.2608412550031398,0.7356392662092144,100,0.6644028545512785,0.6016912026864898,0.22396658862593072,0.35190272457533267,0.5336454956371153,0.7944867506402551,0.9990807138159423,0.2643607337907856,1.0,0.2608412550031398,0.7356392662092144,100,0,0,1000020000,20000400.0,582.2471944709978,11.639181640860116,1220.57421875,0.11212902974700313,0.21710926224635785,0.710629397304307,10,200004000,,,,,,,,,,,,,,,,,,,,,,,,,,,,,,,,,,,,,,,,
yelp_dir01,fedavg,,123,federated,False,3415496ee93fbd583f7f0657bcbf7f3648120c36,True,3cc4dfcc8717f0cf2036a075f84552e64240a2d0ac76b9205c44cabf0d424966,0.8150892857142857,0.8114985347061852,0.7854819663980444,0.8375151030143261,0.8160535714285714,0.8124247730889891,0.7863350687602414,0.8385144774177367,0.8154210526315789,0.8117648566351792,0.7855308219178083,0.8379988913525499,0.9373175715119673,0.6760526315789473,0.7466661178794863,0.9547894736842105,0.7674805680368415,0.8027433293018582,0.1659158173990138,0.5224781274400934,0.659080615942029,0.835932553581275,0.9756518485606716,0.41235557026982284,0.9869158878504672,0.176851937639246,0.5745603175806444,100,0.7674805680368415,0.8027433293018582,0.1659158173990138,0.5224781274400934,0.659080615942029,0.835932553581275,0.9756518485606716,0.41235557026982284,0.9869158878504672,0.176851937639246,0.5745603175806444,100,0,0,1000020000,20000400.0,581.5274164959992,11.625066396679758,1219.94921875,0.16324863262124817,0.04831865012416103,0.710629397304307,27,540010800,,,,,,,,,,,,,,,,,,,,,,,,,,,,,,,,,,,,,,,,
yelp_dir01,fedavg,,456,federated,False,3415496ee93fbd583f7f0657bcbf7f3648120c36,True,6b2e4268be3f7cbb493ed4e79f5ba391b63b84894d826b64c69ce6a49f45eaa6,0.50825,0.35140897497310797,0.6703536115300821,0.032464338416133796,0.5089642857142858,0.35298007523106645,0.6706668582926129,0.03529329216952007,0.5089210526315789,0.3529010734806675,0.6706436753207787,0.035158471640556334,0.5045009161156696,0.9999473684210526,0.9970674486803519,0.017894736842105262,0.44386958243567465,0.2680304192208959,0.42895005842691497,0.02758058424782945,0.03759316466024874,1.0,1.0,0.010948905109489052,1.0,0.9624068353397512,0.9890510948905109,100,0.44386958243567465,0.2680304192208959,0.42895005842691497,0.02758058424782945,0.03759316466024874,1.0,1.0,0.010948905109489052,1.0,0.9624068353397512,0.9890510948905109,100,0,0,1000020000,20000400.0,576.6547410870007,11.527547906399777,1221.4453125,0.19084673812967473,0.5087780607618652,0.710629397304307,12,240004800,,,,,,,,,,,,,,,,,,,,,,,,,,,,,,,,,,,,,,,,
yelp_dir01,fedprox,,42,federated,False,3415496ee93fbd583f7f0657bcbf7f3648120c36,True,d622e279b12549f2932d02aade68101588a0cf515d76d1db6094144feb8f0f84,0.6875535714285714,0.6544831554799264,0.7613774292533242,0.5475888817065288,0.6897142857142857,0.6575348400658181,0.762512642484214,0.5525570376474223,0.6898157894736842,0.6575819481712935,0.7626412130731589,0.5525226832694279,0.6176326690368245,0.9966315789473684,0.9912818417109386,0.383,0.6696455334302444,0.6074450782368891,0.22009725138788747,0.35943666443016364,0.5488965952080705,0.7875686878246815,0.9983639246169952,0.27293653636753784,1.0,0.23867209261661093,0.7270634636324622,100,0.6696455334302444,0.6074450782368891,0.22009725138788747,0.35943666443016364,0.5488965952080705,0.7875686878246815,0.9983639246169952,0.27293653636753784,1.0,0.23867209261661093,0.7270634636324622,100,0,0,1000020000,20000400.0,623.3959590869999,12.462183790079944,1221.96875,0.12254307029451325,0.20346516514631974,0.710629397304307,10,200004000,,,,,,,,,,,,,,,,,,,,,,,,,,,,,,,,,,,,,,,,
yelp_dir01,fedprox,,123,federated,False,3415496ee93fbd583f7f0657bcbf7f3648120c36,True,3cc4dfcc8717f0cf2036a075f84552e64240a2d0ac76b9205c44cabf0d424966,0.8075178571428572,0.8032740323125687,0.7743799058084773,0.8321681588166602,0.8078571428571428,0.8035393177028229,0.7744140215522665,0.8326646138533794,0.8084473684210526,0.8041809984024946,0.7752770831403786,0.8330849136646105,0.9376446867298932,0.6608421052631579,0.7381445812507619,0.9560526315789474,0.7610907476377009,0.7947993117111952,0.1677392741622042,0.5223844395536964,0.6564055619699728,0.8302078845874472,0.9763997921957978,0.4031746231234722,0.9869158878504672,0.17380232261747441,0.5837412647269951,100,0.7610907476377009,0.7947993117111952,0.1677392741622042,0.5223844395536964,0.6564055619699728,0.8302078845874472,0.9763997921957978,0.4031746231234722,0.9869158878504672,0.17380232261747441,0.5837412647269951,100,0,0,1000020000,20000400.0,689.8521329599971,13.790339416499918,1220.77734375,0.1529888171771438,0.04671865624084148,0.710629397304307,14,280005600,,,,,,,,,,,,,,,,,,,,,,,,,,,,,,,,,,,,,,,,
yelp_dir01,fedprox,,456,federated,False,3415496ee93fbd583f7f0657bcbf7f3648120c36,True,6b2e4268be3f7cbb493ed4e79f5ba391b63b84894d826b64c69ce6a49f45eaa6,0.5076071428571428,0.3500187065187386,0.6700648527053868,0.029972560332090344,0.5083214285714286,0.3515632624048023,0.6703857112074125,0.03274081360219209,0.5083157894736842,0.35159533946903476,0.6703715465227056,0.03281913241536391,0.5041929833872937,0.9999473684210526,0.9968553459119497,0.01668421052631579,0.4428188073264055,0.2680304192208959,0.4299323853112661,0.02381913283773425,0.03583681762049883,1.0,1.0,0.010948905109489052,1.0,0.9641631823795012,0.9890510948905109,100,0.4428188073264055,0.2680304192208959,0.4299323853112661,0.02381913283773425,0.03583681762049883,1.0,1.0,0.010948905109489052,1.0,0.9641631823795012,0.9890510948905109,100,0,0,1000020000,20000400.0,662.4504025690003,13.241675001840195,1220.3046875,0.18262251098041726,0.49984476762526014,0.710629397304307,12,240004800,,,,,,,,,,,,,,,,,,,,,,,,,,,,,,,,,,,,,,,,
yelp_dir01,fednova,,42,federated,False,3415496ee93fbd583f7f0657bcbf7f3648120c36,True,d622e279b12549f2932d02aade68101588a0cf515d76d1db6094144feb8f0f84,0.6821964285714286,0.6471225946448572,0.7583734980653044,0.53587169122441,0.6842142857142857,0.6500123650488931,0.7594209996462873,0.540603730451499,0.6855263157894737,0.6517142317188704,0.7602327447833066,0.5431957186544343,0.6142996108949417,0.9971052631578947,0.99231843575419,0.37394736842105264,0.6644941870680913,0.6016912026864898,0.22390658182955983,0.35190272457533267,0.5336454956371153,0.7944867506402551,0.9990807138159423,0.2643607337907856,1.0,0.2608412550031398,0.7356392662092144,100,0.6644941870680913,0.6016912026864898,0.22390658182955983,0.35190272457533267,0.5336454956371153,0.7944867506402551,0.9990807138159423,0.2643607337907856,1.0,0.2608412550031398,0.7356392662092144,100,0,0,1000020000,20000400.0,689.8697025630026,13.790227769640115,1221.21875,0.11331518974164179,0.21702014535577063,0.710629397304307,10,200004000,,,,,,,,,,,,,,,,,,,,,,,,,,,,,,,,,,,,,,,,
yelp_dir01,fednova,,123,federated,False,3415496ee93fbd583f7f0657bcbf7f3648120c36,True,3cc4dfcc8717f0cf2036a075f84552e64240a2d0ac76b9205c44cabf0d424966,0.8165892857142857,0.8131339182417521,0.7877234680169475,0.8385443684665568,0.8175535714285714,0.8140553839226504,0.7885510875638982,0.8395596802814026,0.8168157894736842,0.8132994810802223,0.787677291444258,0.8389216707161866,0.9366702937976061,0.6795789473684211,0.7485855874457981,0.9540526315789474,0.7684504743470587,0.8060048762583893,0.16590073732407945,0.522546895001084,0.659080615942029,0.8380264710551806,0.9756518485606716,0.41235557026982284,0.9869158878504672,0.17894585511315153,0.5745603175806444,100,0.7684504743470587,0.8060048762583893,0.16590073732407945,0.522546895001084,0.659080615942029,0.8380264710551806,0.9756518485606716,0.41235557026982284,0.9869158878504672,0.17894585511315153,0.5745603175806444,100,0,0,1000020000,20000400.0,712.2980348970013,14.238970508360143,1220.28125,0.1624473820982373,0.046792147174736565,0.710629397304307,27,540010800,,,,,,,,,,,,,,,,,,,,,,,,,,,,,,,,,,,,,,,,
yelp_dir01,fednova,,456,federated,False,3415496ee93fbd583f7f0657bcbf7f3648120c36,True,6b2e4268be3f7cbb493ed4e79f5ba391b63b84894d826b64c69ce6a49f45eaa6,0.5084642857142857,0.35187172536298156,0.670449919785456,0.03329353094050713,0.5091071428571429,0.353287839856768,0.670731123035646,0.03584455667789001,0.5091578947368421,0.3534112860371609,0.6707502206531332,0.03607235142118863,0.504621513944223,0.9999473684210526,0.9971428571428571,0.01836842105263158,0.44410664083859785,0.2680304192208959,0.42873680067785624,0.02758058424782945,0.03759316466024874,1.0,1.0,0.010948905109489052,1.0,0.9624068353397512,0.9890510948905109,100,0.44410664083859785,0.2680304192208959,0.42873680067785624,0.02758058424782945,0.03759316466024874,1.0,1.0,0.010948905109489052,1.0,0.9624068353397512,0.9890510948905109,100,0,0,1000020000,20000400.0,691.8843831119993,13.830692972840115,1219.921875,0.19063551627515218,0.5082433791634544,0.710629397304307,12,240004800,,,,,,,,,,,,,,,,,,,,,,,,,,,,,,,,,,,,,,,,
yelp_dir01,scaffold,,42,federated,False,3415496ee93fbd583f7f0657bcbf7f3648120c36,True,d622e279b12549f2932d02aade68101588a0cf515d76d1db6094144feb8f0f84,0.8855714285714286,0.8853458400771079,0.8904315710279734,0.8802601091262425,0.8883571428571428,0.8881605284956287,0.8928497977651334,0.8834712592261239,0.8862894736842105,0.886082177880865,0.8909416723454734,0.8812226834162566,0.8559235730565928,0.9289473684210526,0.9223200414293112,0.8436315789473684,0.8299409935086193,0.9049501223414267,0.1587907963907797,0.5169220550271617,0.7929751508100523,0.9301213766854649,0.9628656927251775,0.4720798843778741,0.9765342960288809,0.1371462258754126,0.5044544116510068,100,0.8299409935086193,0.9049501223414267,0.1587907963907797,0.5169220550271617,0.7929751508100523,0.9301213766854649,0.9628656927251775,0.4720798843778741,0.9765342960288809,0.1371462258754126,0.5044544116510068,100,0,0,2000040000,40000800.0,714.2572743650016,14.277435014299554,1221.4375,0.004191854204144893,0.0041647230365171595,0.710629397304307,4,160003200,,,,,,,,,,,,,,,,,,,,,,,,,,,,,,,,,,,,,,,,
yelp_dir01,scaffold,,123,federated,False,3415496ee93fbd583f7f0657bcbf7f3648120c36,True,3cc4dfcc8717f0cf2036a075f84552e64240a2d0ac76b9205c44cabf0d424966,0.8882321428571428,0.888222908379887,0.8872069344578399,0.8892388823019342,0.8895714285714286,0.8895567315870532,0.8882826895978609,0.8908307735762455,0.8874736842105263,0.8874628993530915,0.8863612203678113,0.8885645783383718,0.8952115095555079,0.8776842105263158,0.8800330373735288,0.8972631578947369,0.8176600904492898,0.927723833121275,0.16915366187650957,0.5052864701088385,0.6935798885361397,0.9406103412950881,0.9487666020539142,0.4811173533083645,0.9676190476190476,0.24703045275894842,0.4865016943106831,100,0.8176600904492898,0.927723833121275,0.16915366187650957,0.5052864701088385,0.6935798885361397,0.9406103412950881,0.9487666020539142,0.4811173533083645,0.9676190476190476,0.24703045275894842,0.4865016943106831,100,0,0,2000040000,40000800.0,694.5182219419985,13.884446631160026,1222.66015625,0.008057579952288946,0.0,0.710629397304307,3,120002400,,,,,,,,,,,,,,,,,,,,,,,,,,,,,,,,,,,,,,,,
yelp_dir01,scaffold,,456,federated,False,3415496ee93fbd583f7f0657bcbf7f3648120c36,True,6b2e4268be3f7cbb493ed4e79f5ba391b63b84894d826b64c69ce6a49f45eaa6,0.88275,0.8824951439575354,0.887967512967513,0.8770227749475578,0.8852857142857142,0.8850639199035997,0.8901128977078343,0.8800149420993649,0.8840263157894737,0.8837951111143416,0.8889784607633203,0.8786117614653629,0.852573085286301,0.9286315789473685,0.9216411441779833,0.839421052631579,0.825879002576894,0.9125760409198087,0.1704281631686539,0.5287093411239,0.7076714017494492,0.9609301075268817,0.9672321442950318,0.462280966924833,0.9709864603481625,0.2532587057774325,0.5087054934233295,100,0.825879002576894,0.9125760409198087,0.1704281631686539,0.5287093411239,0.7076714017494492,0.9609301075268817,0.9672321442950318,0.462280966924833,0.9709864603481625,0.2532587057774325,0.5087054934233295,100,0,0,2000040000,40000800.0,677.4808153150007,13.542898087699795,1223.453125,0.009804146713101515,0.004228016222258213,0.710629397304307,12,480009600,,,,,,,,,,,,,,,,,,,,,,,,,,,,,,,,,,,,,,,,
yelp_dir01,fedadam,,42,federated,False,3415496ee93fbd583f7f0657bcbf7f3648120c36,True,d622e279b12549f2932d02aade68101588a0cf515d76d1db6094144feb8f0f84,0.9369642857142857,0.9368999594081091,0.938914653561293,0.9348852652549251,0.9377321428571429,0.9376766512086248,0.9395363354198818,0.9358169669973678,0.9394210526315789,0.9393655200140018,0.9412005108556832,0.9375305291723203,0.9143424317617866,0.9696842105263158,0.9677310924369747,0.909157894736842,0.8748992521302109,0.9431903351211708,0.15082923663215003,0.5712996785313114,0.889948496951509,0.964337011945515,0.9833823882241228,0.4981420765027323,0.9893238434163701,0.074388514994006,0.49118176691363785,100,0.8748992521302109,0.9431903351211708,0.15082923663215003,0.5712996785313114,0.889948496951509,0.964337011945515,0.9833823882241228,0.4981420765027323,0.9893238434163701,0.074388514994006,0.49118176691363785,100,0,0,1000020000,20000400.0,683.3965158459978,13.661994265560134,1224.359375,0.002815131219129677,0.0036098087136111623,0.710629397304307,3,60001200,,,,,,,,,,,,,,,,,,,,,,,,,,,,,,,,,,,,,,,,
yelp_dir01,fedadam,,123,federated,False,3415496ee93fbd583f7f0657bcbf7f3648120c36,True,3cc4dfcc8717f0cf2036a075f84552e64240a2d0ac76b9205c44cabf0d424966,0.9408035714285714,0.9408028388448255,0.941011086001032,0.9405945916886189,0.9442678571428571,0.9442677099747787,0.9443582749460697,0.9441771450034878,0.9452105263157895,0.9452103296193552,0.9453141416263922,0.9451065176123182,0.9435297818791947,0.9471052631578948,0.9469040574809806,0.9433157894736842,0.8648800600519856,0.9650219066601758,0.1595067622558274,0.5492692662482501,0.7904516855017334,0.9718840771374443,0.9767911916650892,0.5066468408087175,0.9823584029712163,0.1814323916357109,0.4757115621624989,100,0.8648800600519856,0.9650219066601758,0.1595067622558274,0.5492692662482501,0.7904516855017334,0.9718840771374443,0.9767911916650892,0.5066468408087175,0.9823584029712163,0.1814323916357109,0.4757115621624989,100,0,0,1000020000,20000400.0,603.8383061780005,12.071102139760187,1224.484375,0.0022390959710804756,0.0,0.710629397304307,5,100002000,,,,,,,,,,,,,,,,,,,,,,,,,,,,,,,,,,,,,,,,
yelp_dir01,fedadam,,456,federated,False,3415496ee93fbd583f7f0657bcbf7f3648120c36,True,6b2e4268be3f7cbb493ed4e79f5ba391b63b84894d826b64c69ce6a49f45eaa6,0.9396428571428571,0.9396373683780028,0.9390617675693217,0.940212969186684,0.9430357142857143,0.9430289986835999,0.9424104563835933,0.9436475409836065,0.9437631578947369,0.943756832135284,0.9431603585392451,0.944353305731323,0.9533795773511857,0.9331578947368421,0.9345462041952275,0.9543684210526315,0.8768205818806554,0.9632592592592593,0.1525172597786655,0.5983668347869731,0.8145092660601722,0.972148360967902,0.9780193992490614,0.4872521246458923,0.9855072463768115,0.15763909490772987,0.49825512173091924,100,0.8768205818806554,0.9632592592592593,0.1525172597786655,0.5983668347869731,0.8145092660601722,0.972148360967902,0.9780193992490614,0.4872521246458923,0.9855072463768115,0.15763909490772987,0.49825512173091924,100,0,0,1000020000,20000400.0,609.1446596940004,12.175061003900119,1225.81640625,0.0008666654622031417,0.00021912517475408677,0.710629397304307,6,120002400,,,,,,,,,,,,,,,,,,,,,,,,,,,,,,,,,,,,,,,,
yelp_dir01,fedadagrad,,42,federated,False,3415496ee93fbd583f7f0657bcbf7f3648120c36,True,d622e279b12549f2932d02aade68101588a0cf515d76d1db6094144feb8f0f84,0.9463035714285715,0.9462690719064722,0.9476305752451278,0.9449075685678167,0.947375,0.9473443535910455,0.9486146710606616,0.9460740361214294,0.9481315789473684,0.9481004262282118,0.9493719657856207,0.946828886670803,0.9271988359841453,0.9726315789473684,0.9712214289667386,0.9236315789473685,0.8849361006709866,0.9524097578539923,0.14835097026609734,0.6092300190118393,0.9067689772478945,0.9701082841132819,0.9869252033171748,0.5047037777543933,0.9909015715467329,0.06333930686538736,0.4861977937923395,100,0.8849361006709866,0.9524097578539923,0.14835097026609734,0.6092300190118393,0.9067689772478945,0.9701082841132819,0.9869252033171748,0.5047037777543933,0.9909015715467329,0.06333930686538736,0.4861977937923395,100,0,0,1000020000,20000400.0,607.566177542998,12.145615467080134,1223.84765625,0.0016996304310009961,0.004837985575111503,0.710629397304307,4,80001600,,,,,,,,,,,,,,,,,,,,,,,,,,,,,,,,,,,,,,,,
yelp_dir01,fedadagrad,,123,federated,False,3415496ee93fbd583f7f0657bcbf7f3648120c36,True,3cc4dfcc8717f0cf2036a075f84552e64240a2d0ac76b9205c44cabf0d424966,0.9515,0.9514989220882888,0.9512702741495622,0.9517275700270155,0.9525535714285714,0.9525519535803075,0.9522748908806783,0.9528290162799369,0.9545789473684211,0.9545779054283514,0.9543603575017188,0.954795453354984,0.9589754490381549,0.9497894736842105,0.9502658742571161,0.9593684210526315,0.8765820935621791,0.9683375104427736,0.15158887123747986,0.6022793567735009,0.8185437587008001,0.9760377435115097,0.9798624012091062,0.5136393018745959,0.9855351976856317,0.15749398481070964,0.47189589581103575,100,0.8765820935621791,0.9683375104427736,0.15158887123747986,0.6022793567735009,0.8185437587008001,0.9760377435115097,0.9798624012091062,0.5136393018745959,0.9855351976856317,0.15749398481070964,0.47189589581103575,100,0,0,1000020000,20000400.0,678.9759116020032,13.57247316730005,1225.91015625,0.004968519736739881,0.00033900892958649287,0.710629397304307,4,80001600,,,,,,,,,,,,,,,,,,,,,,,,,,,,,,,,,,,,,,,,
yelp_dir01,fedadagrad,,456,federated,False,3415496ee93fbd583f7f0657bcbf7f3648120c36,True,6b2e4268be3f7cbb493ed4e79f5ba391b63b84894d826b64c69ce6a49f45eaa6,0.9437321428571429,0.9436787018294424,0.9454135989605891,0.9419438046982958,0.9439642857142857,0.9439136877767913,0.945598280226067,0.9422290953275158,0.9466052631578947,0.9465590875078488,0.9481299690671575,0.94498820594854,0.9218074265546553,0.976,0.9745009226639826,0.9172105263157895,0.8793590888705006,0.9544075159526928,0.14856477028967544,0.6173017914827867,0.8099039314722055,0.9840176985024344,0.9888653024629502,0.49505281454739936,0.992233009708738,0.17411376703022885,0.4971801951613386,100,0.8793590888705006,0.9544075159526928,0.14856477028967544,0.6173017914827867,0.8099039314722055,0.9840176985024344,0.9888653024629502,0.49505281454739936,0.992233009708738,0.17411376703022885,0.4971801951613386,100,0,0,1000020000,20000400.0,710.3661639589991,14.200740697059592,1225.8828125,0.007485665449362223,0.007713932116325761,0.710629397304307,4,80001600,,,,,,,,,,,,,,,,,,,,,,,,,,,,,,,,,,,,,,,,
yelp_dir01,fedyogi,,42,federated,False,3415496ee93fbd583f7f0657bcbf7f3648120c36,True,d622e279b12549f2932d02aade68101588a0cf515d76d1db6094144feb8f0f84,0.9366785714285715,0.936614962522256,0.9386229099594973,0.9346070150850145,0.937375,0.9373199894763891,0.939176884788151,0.9354630941646271,0.9392368421052631,0.9391816243691749,0.9410141780559458,0.937349070682404,0.914271531397369,0.9693684210526315,0.9674040884906189,0.9091052631578947,0.874411841276552,0.9435452047765587,0.15095888435161017,0.5709059890617452,0.8850166499197124,0.964337011945515,0.9830000911781039,0.4981420765027323,0.9893238434163701,0.07932036202580262,0.49118176691363785,100,0.874411841276552,0.9435452047765587,0.15095888435161017,0.5709059890617452,0.8850166499197124,0.964337011945515,0.9830000911781039,0.4981420765027323,0.9893238434163701,0.07932036202580262,0.49118176691363785,100,0,0,1000020000,20000400.0,683.2436122969993,13.658018328980033,1223.8359375,0.002378438433760679,0.0038618285416742726,0.710629397304307,3,60001200,,,,,,,,,,,,,,,,,,,,,,,,,,,,,,,,,,,,,,,,
yelp_dir01,fedyogi,,123,federated,False,3415496ee93fbd583f7f0657bcbf7f3648120c36,True,3cc4dfcc8717f0cf2036a075f84552e64240a2d0ac76b9205c44cabf0d424966,0.94025,0.9402499663906061,0.940294778915813,0.9402051538653992,0.9437321428571429,0.9437320364755244,0.9436546680256781,0.9438094049253706,0.9445789473684211,0.9445789214233731,0.9445410017380312,0.944616841108715,0.945188152208285,0.9438947368421052,0.9439714075475665,0.9452631578947368,0.8650309274620481,0.9648609505121646,0.15845847666463514,0.5452310188712884,0.7877417803667035,0.9711299618475526,0.9766595229021172,0.5066468408087175,0.9814126394052044,0.18338818148084912,0.47476579859648693,100,0.8650309274620481,0.9648609505121646,0.15845847666463514,0.5452310188712884,0.7877417803667035,0.9711299618475526,0.9766595229021172,0.5066468408087175,0.9814126394052044,0.18338818148084912,0.47476579859648693,100,0,0,1000020000,20000400.0,690.9156106930022,13.811396152600356,1223.625,0.0025105811537257353,0.0,0.710629397304307,5,100002000,,,,,,,,,,,,,,,,,,,,,,,,,,,,,,,,,,,,,,,,
yelp_dir01,fedyogi,,456,federated,False,3415496ee93fbd583f7f0657bcbf7f3648120c36,True,6b2e4268be3f7cbb493ed4e79f5ba391b63b84894d826b64c69ce6a49f45eaa6,0.9393035714285715,0.9392985959071363,0.938749031409367,0.9398481604049056,0.9425714285714286,0.9425652675242331,0.9419704077950197,0.9431601272534463,0.9433421052631579,0.9433361060714904,0.9427530644260682,0.9439191477169128,0.9526573163523027,0.9330526315789474,0.9344025578876799,0.9536315789473684,0.8764271068452235,0.9635878931282658,0.15268780285268405,0.6008870287993914,0.8145092660601722,0.9722173314223561,0.9778172138420586,0.4872521246458923,0.9855072463768115,0.15770806536218396,0.49825512173091924,100,0.8764271068452235,0.9635878931282658,0.15268780285268405,0.6008870287993914,0.8145092660601722,0.9722173314223561,0.9778172138420586,0.4872521246458923,0.9855072463768115,0.15770806536218396,0.49825512173091924,100,0,0,1000020000,20000400.0,632.4991104000001,12.64405366653984,1222.9921875,0.0008656293264364454,0.0003251911586190648,0.710629397304307,6,120002400,,,,,,,,,,,,,,,,,,,,,,,,,,,,,,,,,,,,,,,,
amazon_vg,centralized,,42,centralized,False,3415496ee93fbd583f7f0657bcbf7f3648120c36,True,2d803e8c8342250dab34629c99259893c0e613c577572ea71dcc69be35d47a4c,0.793093115131056,0.5789798586744624,0.7836613888487086,0.2652720400808649,0.7947351361929573,0.5803736767163784,0.7887330220949538,0.26654875082909574,0.7887668371701785,0.5770547380555235,0.7855380718889808,0.2593949544645661,0.7168391420482718,0.8688003411811459,0.5582338364496509,0.16895070566578033,0.6640496886792197,0.625,0.26340669762863766,0.3333333333333333,0.46470765212899273,1.0,1.0,0.0,1.0,0.5352923478710072,1.0,21694,0.6116641928458141,0.5818181818181818,0.2146564155231752,0.3557692307692307,0.4558614043908161,0.75,1.0,0.0,1.0,0.2941385956091839,1.0,11783,5423,5423,0,,2373.753533871,,2949.4375,,,,,,0.45249467959328443,0.48367846437312656,0.9097927204763278,0.45321478398637943,0.48308883738359265,0.9102829892878702,0.45162511952889045,0.4820894377540845,0.9066261066410956,0.5070689032038608,0.4071109138702079,0.592341766186905,0.4064390964940644,0.8616431801412844,0.9565644933031098,0.5467375042893091,0.5369897959183674,0.12433574504222487,0.397436411902704,0.4678517181742988,0.6156352177200157,0.7050586364539853,0.17591036414565825,1.0,0.1477834995457169,0.8240896358543417,0.5467375042893091,0.5369897959183674,0.12433574504222487,0.397436411902704,0.4678517181742988,0.6156352177200157,0.7050586364539853,0.17591036414565825,1.0,0.1477834995457169,0.8240896358543417,0.06492668855650496,-0.041667181133473286,0.0033189386608548643
amazon_vg,centralized,,123,centralized,False,3415496ee93fbd583f7f0657bcbf7f3648120c36,True,2d803e8c8342250dab34629c99259893c0e613c577572ea71dcc69be35d47a4c,0.793129808339143,0.5850780492666443,0.7845466040462428,0.308074932809178,0.795080663902445,0.5873590867222005,0.7900350242910406,0.3128256917794385,0.7886875524177513,0.5830102051714205,0.7863632322873145,0.30360470858089494,0.7262024973524124,0.8573920966162972,0.5075087868782618,0.21658598668212087,0.6636169764489043,0.625,0.2631589670764106,0.3333333333333333,0.4642857142857143,1.0,1.0,0.0,1.0,0.5357142857142857,1.0,21694,0.6126091278748362,0.5833333333333334,0.21414195354405818,0.3558462959651946,0.45722639933166254,0.75,1.0,0.0,1.0,0.29277360066833746,1.0,11783,5423,5423,0,,2459.4407936770003,,2938.31640625,,,,,,0.4543899657924743,0.46950150840396493,0.9088772352813616,0.455031738107125,0.46952484584693505,0.9093781335864631,0.4525746030840064,0.4669354884966818,0.9055729934082052,0.5111631604959495,0.40603557163827536,0.6158163882837085,0.37602660630976026,0.8558945265046561,0.9613737647349831,0.5503634984477555,0.5432641768035009,0.12506867897276117,0.3987307781649245,0.4720547437776832,0.6213635957043965,0.7096447078770246,0.18378378378378377,1.0,0.14930885192671328,0.8162162162162162,0.5503634984477555,0.5432641768035009,0.12506867897276117,0.3987307781649245,0.4720547437776832,0.6213635957043965,0.7096447078770246,0.18378378378378377,1.0,0.14930885192671328,0.8162162162162162,0.062245629427080784,-0.0428844821997299,0.004348881550779948
amazon_vg,centralized,,456,centralized,False,3415496ee93fbd583f7f0657bcbf7f3648120c36,True,2d803e8c8342250dab34629c99259893c0e613c577572ea71dcc69be35d47a4c,0.7925916412871977,0.5801515916160473,0.7834282128289031,0.28859341026927576,0.7947045585195514,0.5828996096623978,0.7891660215198537,0.29364045227186747,0.7882217544972417,0.578307709055504,0.7856134157105031,0.28417403420306203,0.7211433293634397,0.8627424373128108,0.5259732285398502,0.19467739369559783,0.6617306634855328,0.6207826847675528,0.26360375730600627,0.3333333333333333,0.4615384615384615,1.0,1.0,0.0,1.0,0.5384615384615385,1.0,21694,0.6094357499980123,0.580952380952381,0.2143089791318896,0.35416666666666663,0.45454545454545453,0.7416666666666667,1.0,0.0,1.0,0.28712121212121217,1.0,11783,5423,5423,0,,2437.738990078001,,2937.44921875,,,,,,0.4471385359951603,0.47315787982662394,0.9084399191602739,0.45007985287712343,0.47254618565847656,0.9090655359846679,0.44650540760553553,0.47004889630027413,0.9051967914581451,0.5165015021747904,0.39321680947666676,0.6055490824351879,0.384100882257841,0.8553622979214781,0.9611973707153487,0.5460045629489543,0.5368319100166463,0.12530815317868732,0.39585018585018583,0.46661290322580645,0.6178631797052849,0.7070208127193481,0.17591036414565825,1.0,0.15125027647947847,0.8240896358543417,0.5460045629489543,0.5368319100166463,0.12530815317868732,0.39585018585018583,0.46661290322580645,0.6178631797052849,0.7070208127193481,0.17591036414565825,1.0,0.15125027647947847,0.8240896358543417,0.06343118704905804,-0.0416835191835192,0.004591900606893851
amazon_vg,local_only,,42,local_only,False,3415496ee93fbd583f7f0657bcbf7f3648120c36,True,2d803e8c8342250dab34629c99259893c0e613c577572ea71dcc69be35d47a4c,0.6353398402622341,0.22203836816284897,0.2838915470494418,0.002824060999717594,0.6375567215841681,0.22236616589476835,0.2816044059567376,0.0026294729621584544,,,,,,,,,0.3522036586493029,0.25287356321839083,0.2928126364232977,0.10169934640522883,0.16666666666666666,0.42857142857142855,1.0,0.0,1.0,0.26190476190476186,1.0,21694,0.26334709913864696,0.20454545454545453,0.1914414428828827,0.11578947368421051,0.152,0.29333333333333333,0.45454545454545453,0.0,1.0,0.14133333333333334,1.0,11783,0,0,0,,2784.110268651999,,2899.60546875,,,,,,0.00761729376804922,0.038564093523435955,0.7772948454736003,0.007286737300556975,0.04137807766209392,0.7789321355922948,,,,,,,,,,,,,,,,,,,,,,,,,,,,,,,,,,
amazon_vg,local_only,,123,local_only,False,3415496ee93fbd583f7f0657bcbf7f3648120c36,True,2d803e8c8342250dab34629c99259893c0e613c577572ea71dcc69be35d47a4c,0.6351349698504141,0.22149108263951023,0.2810287399210062,0.0029350341479934526,0.6372173094093616,0.22161619358947263,0.2785349078403901,0.0026266202249757326,,,,,,,,,0.3518640307925501,0.25,0.29261140987967876,0.1,0.16666666666666666,0.42857142857142855,1.0,0.0,1.0,0.26190476190476186,1.0,21694,0.26323713864453036,0.20454545454545453,0.19124821720145968,0.11538461538461538,0.1517241379310345,0.29333333333333333,0.45454545454545453,0.0,1.0,0.14160919540229883,1.0,11783,0,0,0,,2810.6340340290008,,2898.375,,,,,,0.009515859766277128,0.036941998849710216,0.7770337805125642,0.008776328986960883,0.039611511114101786,0.7785315997809347,,,,,,,,,,,,,,,,,,,,,,,,,,,,,,,,,,
amazon_vg,local_only,,456,local_only,False,3415496ee93fbd583f7f0657bcbf7f3648120c36,True,2d803e8c8342250dab34629c99259893c0e613c577572ea71dcc69be35d47a4c,0.6353276091928717,0.22180151076861487,0.28367943896368164,0.0021493212669683255,0.6375261439107621,0.22231654965736639,0.281122893666473,0.002289377289377289,,,,,,,,,0.35202207639971383,0.253968253968254,0.2925588138901917,0.10198479391756705,0.16666666666666666,0.42857142857142855,1.0,0.0,1.0,0.26190476190476186,1.0,21694,0.26335343399108707,0.20454545454545453,0.19097030252957284,0.11580097785447224,0.15217391304347824,0.29411764705882354,0.45454545454545453,0.0,1.0,0.1419437340153453,1.0,11783,0,0,0,,2745.336497484999,,2898.6875,,,,,,0.00818405778946929,0.03775249184087501,0.7772422439820801,0.008691655175295642,0.040647498099539416,0.7788313240561466,,,,,,,,,,,,,,,,,,,,,,,,,,,,,,,,,,
amazon_vg,fedavg,,42,federated,False,3415496ee93fbd583f7f0657bcbf7f3648120c36,True,2d803e8c8342250dab34629c99259893c0e613c577572ea71dcc69be35d47a4c,0.6256803532332832,0.17629374644882487,0.03447186094566671,0.0,0.627875830183833,0.17753406909362074,0.039983601417995035,0.0,0.6183950536225079,0.17412381954782388,0.03449293856600036,0.0,0.9863834422657952,0.017553382248887767,0.0,0.0,0.3598786771899476,0.26666666666666666,0.29432743183475474,0.1,0.16666666666666666,0.42857142857142855,1.0,0.0,1.0,0.26190476190476186,1.0,21694,0.27186079951935005,0.21428571428571427,0.19683774803306522,0.11238764044943822,0.15384615384615385,0.30769230769230765,0.4615384615384615,0.0,1.0,0.1538461538461538,1.0,11783,5423,5423,216904338000,4338086760.0,1201.1099946079994,23.98118114718014,2924.25,0.004342988378874116,0.0007323800148729409,0.16657356020396802,44,190875817440,0.0,0.0794318081246128,0.7675650631738449,0.0,0.07849215976996002,0.7691945842801486,0.0,0.07408395826105522,0.7620422009120638,0.0,0.0,0.9990403071017274,0.038468289528384686,0.6155716395016056,0.9999797248253294,0.1802904656537136,0.16574923547400613,0.07466065426634315,0.11362088974854932,0.1388602520045819,0.2046600638255059,0.26262626262626265,0.0,1.0,0.06579981182092398,1.0,0.1802904656537136,0.16574923547400613,0.07466065426634315,0.11362088974854932,0.1388602520045819,0.2046600638255059,0.26262626262626265,0.0,1.0,0.06579981182092398,1.0,0.09157033386563646,-0.0012332492991111027,0.0034102495457968562
amazon_vg,fedavg,,123,federated,False,3415496ee93fbd583f7f0657bcbf7f3648120c36,True,2d803e8c8342250dab34629c99259893c0e613c577572ea71dcc69be35d47a4c,0.6263224843748089,0.1781778278020981,0.03609336669014598,0.0,0.6285057302559963,0.17939203826173683,0.041446781850165065,0.0,0.6190144657508452,0.17592719592990247,0.03643628406982828,0.0,0.9850823045267489,0.018561417452578728,0.0,0.0,0.3608089430815177,0.26666666666666666,0.29442577386233854,0.10171835557158314,0.16666666666666666,0.42857142857142855,1.0,0.0,1.0,0.26190476190476186,1.0,21694,0.27294948776924793,0.21666666666666665,0.1972589281702085,0.11397979797979799,0.15454545454545454,0.30940108001963673,0.4615384615384615,0.0,1.0,0.1548556254741822,1.0,11783,5423,5423,216904338000,4338086760.0,1294.372601643001,25.842315647580108,2924.30078125,0.003451812659641646,0.0,0.16657356020396802,41,177861557160,0.0,0.08692394155114276,0.7678718307692017,0.0,0.08601669314596433,0.7694967163125547,0.0,0.08086162574239872,0.7623380698372854,0.0,0.0,0.9991237677984666,0.04213589542242136,0.6159586266154453,0.9999776973078623,0.1819090553977694,0.16666666666666666,0.07543563735718621,0.1142857142857143,0.13975903614457832,0.20714285714285713,0.26666666666666666,0.0,1.0,0.0673838209982788,1.0,0.1819090553977694,0.16666666666666666,0.07543563735718621,0.1142857142857143,0.13975903614457832,0.20714285714285713,0.26666666666666666,0.0,1.0,0.0673838209982788,1.0,0.09104043237147855,-0.00030591630591630947,0.0034648423318343613
amazon_vg,fedavg,,456,federated,False,3415496ee93fbd583f7f0657bcbf7f3648120c36,True,2d803e8c8342250dab34629c99259893c0e613c577572ea71dcc69be35d47a4c,0.6275211291723235,0.18203257725541278,0.05599884637569698,0.0,0.6295881798945682,0.18284348170110112,0.05973852466838439,0.0,0.6201269299333388,0.17938377937174965,0.054221635883905,0.0,0.9755849440488301,0.027885743086720104,0.0,0.0,0.36261440160214853,0.26666666666666666,0.2944114690351933,0.10526315789473684,0.16666666666666666,0.42857142857142855,1.0,0.0,1.0,0.26190476190476186,1.0,21694,0.27513515595711824,0.21875000000000003,0.19780951866636648,0.1142857142857143,0.15625,0.3131921625897529,0.4615384615384615,0.0,1.0,0.1569421625897529,1.0,11783,5423,5423,216904338000,4338086760.0,1490.273426863001,29.76073076526016,2925.140625,0.003953050216179403,0.0,0.16657356020396802,38,164847296880,0.0,0.08570042342978124,0.7684636164715857,0.0,0.08443070859088059,0.7700481752462406,0.0,0.07980629368148437,0.7628909672933589,0.0,0.0,0.9991117033089052,0.04156312069841563,0.6166824004551337,0.9999736422729282,0.18451860475636833,0.16939024390243904,0.07625182287765958,0.11578947368421051,0.14127712246978302,0.21056275507499866,0.27174310693631293,0.019047619047619046,1.0,0.06928563260521564,0.9809523809523809,0.18451860475636833,0.16939024390243904,0.07625182287765958,0.11578947368421051,0.14127712246978302,0.21056275507499866,0.27174310693631293,0.019047619047619046,1.0,0.06928563260521564,0.9809523809523809,0.0906165512007499,-0.0015037593984962155,0.0034597023293514717
amazon_vg,fedprox,,42,federated,False,3415496ee93fbd583f7f0657bcbf7f3648120c36,True,2d803e8c8342250dab34629c99259893c0e613c577572ea71dcc69be35d47a4c,0.6252889590136865,0.17511041742724504,0.031938460040409934,0.0,0.6275058403356205,0.1764154363829734,0.03785610816030903,0.0,0.6180147345757089,0.1729953740314038,0.03220731672434999,0.0,0.9865654205607477,0.016370879413788758,0.0,0.0,0.35923922137882464,0.26666666666666666,0.29424154796078156,0.1,0.16666666666666666,0.42857142857142855,1.0,0.0,1.0,0.26190476190476186,1.0,21694,0.2710729300907145,0.21428571428571427,0.1964789837678134,0.1111497584541063,0.15384615384615383,0.3055555555555555,0.4615384615384615,0.0,1.0,0.1517094017094017,1.0,11783,5423,5423,216904338000,4338086760.0,1659.1759128679987,33.13965423685964,2926.84375,0.004218838319699821,0.000451455510327603,0.16657356020396802,44,190875817440,0.0,0.07623944504776048,0.7673741820480549,0.0,0.07520590485620415,0.7690151688983539,0.0,0.07090922051537941,0.7618603329172897,0.0,0.0,0.9989957318604067,0.036759203658367594,0.6153343264439404,0.9999797248253294,0.17939628616346312,0.16521739130434782,0.07391866780953721,0.11333333333333333,0.13836002925820806,0.2033898305084746,0.2597797569732118,0.0,1.0,0.06502980125026653,1.0,0.17939628616346312,0.16521739130434782,0.07391866780953721,0.11333333333333333,0.13836002925820806,0.2033898305084746,0.2597797569732118,0.0,1.0,0.06502980125026653,1.0,0.09167664392725136,-0.002183574879227032,0.0034200623515696082
amazon_vg,fedprox,,123,federated,False,3415496ee93fbd583f7f0657bcbf7f3648120c36,True,2d803e8c8342250dab34629c99259893c0e613c577572ea71dcc69be35d47a4c,0.6258760503430815,0.17682740377527062,0.032893776458566504,0.0,0.6280562384569283,0.17803950290907614,0.03884853895712183,0.0,0.6185982208006026,0.17469152351445444,0.03359471021465934,0.0,0.9871220604703248,0.017088135231799632,0.0,0.0,0.3601233570256399,0.26666666666666666,0.2943840246084503,0.1,0.16666666666666666,0.42857142857142855,1.0,0.0,1.0,0.26190476190476186,1.0,21694,0.2721261256946673,0.2148148148148148,0.19698072835650088,0.11205614035087723,0.15384615384615385,0.30769230769230765,0.4615384615384615,0.0,1.0,0.1538461538461538,1.0,11783,5423,5423,216904338000,4338086760.0,1759.7993795270013,35.149509539540084,2925.66015625,0.003434526397358378,0.0,0.16657356020396802,42,182199643920,0.0,0.08358723009670153,0.767656012321085,0.0,0.08206830055833353,0.7692806750299253,0.0,0.07772627989984551,0.7621366274577673,0.0,0.0,0.9990869664460169,0.04043604785440436,0.6156956494600836,0.9999776973078623,0.1807664317556768,0.1663241302463786,0.07485622077950058,0.11362088974854932,0.13913043478260873,0.2053621872477805,0.26318964832896724,0.0,1.0,0.06623175246517177,1.0,0.1807664317556768,0.1663241302463786,0.07485622077950058,0.11362088974854932,0.13913043478260873,0.2053621872477805,0.26318964832896724,0.0,1.0,0.06623175246517177,1.0,0.09135969393899052,-0.0015647493976720939,0.0033479793946216974
amazon_vg,fedprox,,456,federated,False,3415496ee93fbd583f7f0657bcbf7f3648120c36,True,2d803e8c8342250dab34629c99259893c0e613c577572ea71dcc69be35d47a4c,0.6268637091940948,0.18006040012088667,0.051366067556497856,0.0,0.6289857997284702,0.18102900252451723,0.05548380925049027,0.0,0.6195483990054719,0.17767995108425727,0.050405567463952174,0.0,0.9776556776556776,0.025869672679338186,0.0,0.0,0.36174156302182053,0.26666666666666666,0.29437562606822876,0.1037037037037037,0.16666666666666666,0.42857142857142855,1.0,0.0,1.0,0.26190476190476186,1.0,21694,0.2740805997021652,0.2173913043478261,0.19755525517582403,0.1142857142857143,0.15555555555555556,0.3111111111111111,0.4615384615384615,0.0,1.0,0.15555555555555556,1.0,11783,5423,5423,216904338000,4338086760.0,1710.8512346500029,34.17182254648025,2924.23046875,0.0036277878246751246,0.0,0.16657356020396802,39,169185383640,0.0,0.08079066065269302,0.7681452723952424,0.0,0.07991559476507958,0.7697456086070164,0.0,0.07538514877010195,0.7626090391872322,0.0,0.0,0.9990574929311969,0.03917040048039171,0.61631404460895,0.9999736422729282,0.18318750700165493,0.16781395348837208,0.07584621770141521,0.11538461538461538,0.14039088016615026,0.2084035573300797,0.26736390111657893,0.019047619047619046,1.0,0.06801267716392945,0.9809523809523809,0.18318750700165493,0.16781395348837208,0.07584621770141521,0.11538461538461538,0.14039088016615026,0.2084035573300797,0.26736390111657893,0.019047619047619046,1.0,0.06801267716392945,0.9809523809523809,0.09089309270051027,-0.0010989010989010811,0.003349051440259959
amazon_vg,fednova,,42,federated,False,3415496ee93fbd583f7f0657bcbf7f3648120c36,True,2d803e8c8342250dab34629c99259893c0e613c577572ea71dcc69be35d47a4c,0.6277412884208466,0.1827589280508385,0.06074990410433448,0.0,0.6299000721633092,0.18381535479873912,0.06445163747143945,0.0,0.620373455960417,0.1801501825558165,0.05846457618353626,0.0,0.9764447236180904,0.03013443700264609,0.0,0.0,0.36352900960409357,0.2716049382716049,0.2945385744741213,0.10560060382616787,0.16666666666666666,0.42857142857142855,1.0,0.0,1.0,0.26190476190476186,1.0,21694,0.27606468299652315,0.22058823529411764,0.19817853590813173,0.1142857142857143,0.1569620253164557,0.31521739130434784,0.4615384615384615,0.0,1.0,0.15825536598789214,1.0,11783,5423,5423,216904338000,4338086760.0,1607.3074877340005,32.10104292867982,2923.69921875,0.005456298933146358,0.0,0.16657356020396802,40,173523470400,0.0,0.08447533929162529,0.7685693968582327,0.0,0.08443070859088059,0.7701944279313756,0.0,0.0792774889547366,0.7630088476408097,0.0,0.0,0.9988821819807735,0.04127673333641277,0.6168380109059983,0.999969587237994,0.18543837215788153,0.16999999999999998,0.07633228069477,0.11596710316063708,0.14166666666666666,0.2121212121212121,0.2749686853002071,0.0,1.0,0.07045454545454544,1.0,0.18543837215788153,0.16999999999999998,0.07633228069477,0.11596710316063708,0.14166666666666666,0.2121212121212121,0.2749686853002071,0.0,1.0,0.07045454545454544,1.0,0.09062631083864162,-0.001681388874922779,0.0036651722429226208
amazon_vg,fednova,,123,federated,False,3415496ee93fbd583f7f0657bcbf7f3648120c36,True,2d803e8c8342250dab34629c99259893c0e613c577572ea71dcc69be35d47a4c,0.6281938379872553,0.18416789039267148,0.06634482099326036,0.0,0.6303984882398268,0.18534129423189222,0.07053912383482365,0.0,0.6208603138932901,0.1816162115535045,0.06426335226740153,0.0,0.97524893314367,0.03322639113704432,0.0,0.0,0.3643142905206292,0.2727272727272727,0.29460231966689393,0.10666666666666666,0.16666666666666666,0.42857142857142855,1.0,0.0,1.0,0.26190476190476186,1.0,21694,0.2769979763271209,0.22142857142857145,0.198577510223049,0.11538461538461538,0.1575757575757576,0.3170973963355834,0.4615384615384615,0.0,1.0,0.15952163875982583,1.0,11783,5423,5423,216904338000,4338086760.0,1599.803433674002,31.951047503640076,2926.44140625,0.021754607278200416,0.05979539485746613,0.16657356020396802,38,164847296880,0.0,0.08570042342978124,0.7687942075403158,0.0,0.08571684347164406,0.7704505038529934,0.0,0.08057166161320638,0.7632460438869145,0.0,0.0,0.9989008573312816,0.04197884428841979,0.61714965719956,0.99996553220306,0.186605637960746,0.17077047326764658,0.0768383317492017,0.11666666666666667,0.14222222222222222,0.21323529411764705,0.2772296015180268,0.019047619047619046,1.0,0.07101307189542483,0.9809523809523809,0.186605637960746,0.17077047326764658,0.0768383317492017,0.11666666666666667,0.14222222222222222,0.21323529411764705,0.2772296015180268,0.019047619047619046,1.0,0.07101307189542483,0.9809523809523809,0.09039233836637492,-0.0012820512820512914,0.0037250826783877256
amazon_vg,fednova,,456,federated,False,3415496ee93fbd583f7f0657bcbf7f3648120c36,True,2d803e8c8342250dab34629c99259893c0e613c577572ea71dcc69be35d47a4c,0.6286586186230262,0.1856004933069311,0.07213989612617334,0.0,0.6309121931530474,0.1869111167020376,0.07659031274377703,0.0,0.6213261118137997,0.1830192146955644,0.06984198181529348,0.0,0.9726704841228527,0.0362214188095492,0.0,0.0,0.36530946074228077,0.2745098039215686,0.2945838035503017,0.10714285714285714,0.16666666666666666,0.42857142857142855,1.0,0.0,1.0,0.26190476190476186,1.0,21694,0.2781995945256233,0.2222222222222222,0.19895810877244854,0.11538461538461538,0.15789473684210525,0.32167604141191813,0.46457431457431503,0.0,1.0,0.16378130456981288,1.0,11783,5423,5423,216904338000,4338086760.0,1602.2383104299988,31.9992395863602,2922.43359375,0.004870162266095486,0.0,0.16657356020396802,38,164847296880,0.0,0.0868396112053955,0.7690229592030866,0.0,0.08725792745650521,0.7707073433099059,0.0,0.08177911664377796,0.7634749750187505,0.0,0.0,0.9989177489177489,0.04263476373042635,0.6174521599238816,0.9999574221331917,0.18785040677421502,0.17142857142857143,0.07743359139129004,0.11743119266055047,0.14301170848697506,0.2143794690513235,0.27906976744186046,0.019047619047619046,1.0,0.07136776056434843,0.9809523809523809,0.18785040677421502,0.17142857142857143,0.07743359139129004,0.11743119266055047,0.14301170848697506,0.2143794690513235,0.27906976744186046,0.019047619047619046,1.0,0.07136776056434843,0.9809523809523809,0.0903491877514083,-0.002046577275935088,0.0038919020064732135
amazon_vg,scaffold,,42,federated,False,3415496ee93fbd583f7f0657bcbf7f3648120c36,True,2d803e8c8342250dab34629c99259893c0e613c577572ea71dcc69be35d47a4c,0.6180267615797649,0.15278530028177104,0.0,0.0,0.6200173681184946,0.15308906690021215,0.0,0.0,0.6110054669314448,0.1517078568566883,0.0,0.0,0.0,0.0,0.0,0.0,0.34662360079408194,0.25,0.29297150737266403,0.1,0.15819630660258033,0.4117647058823529,1.0,0.0,1.0,0.2535683992797726,1.0,21694,0.25568002991192484,0.19444444444444445,0.19142915516356873,0.11070041931977016,0.14615384615384616,0.28571428571428575,0.45454545454545453,0.0,1.0,0.1395604395604396,1.0,11783,5423,5423,433808676000,8676173520.0,3245.238752002999,63.78664207592017,2900.1953125,2.7755575615628914e-17,0.0,0.16657356020396802,,,0.0,0.0,0.7639265014088552,0.0,0.0,0.7654453345010608,0.0,0.0,0.7585392842834415,0.0,0.0,0.0,0.0,0.6110054669314448,1.0,0.16253360302038633,0.15294117647058825,0.06352621225593402,0.10588235294117647,0.12975036104807097,0.17731127561514853,0.22340425531914893,0.0,1.0,0.04756091456707756,1.0,0.16253360302038633,0.15294117647058825,0.06352621225593402,0.10588235294117647,0.12975036104807097,0.17731127561514853,0.22340425531914893,0.0,1.0,0.04756091456707756,1.0,0.09314642689153851,0.004818066378593694,0.001381210043523845
amazon_vg,scaffold,,123,federated,False,3415496ee93fbd583f7f0657bcbf7f3648120c36,True,2d803e8c8342250dab34629c99259893c0e613c577572ea71dcc69be35d47a4c,0.6180267615797649,0.15278530028177104,0.0,0.0,0.6200173681184946,0.15308906690021215,0.0,0.0,0.6110054669314448,0.1517078568566883,0.0,0.0,0.0,0.0,0.0,0.0,0.34662360079408194,0.25,0.29297150737266403,0.1,0.15819630660258033,0.4117647058823529,1.0,0.0,1.0,0.2535683992797726,1.0,21694,0.25568002991192484,0.19444444444444445,0.19142915516356873,0.11070041931977016,0.14615384615384616,0.28571428571428575,0.45454545454545453,0.0,1.0,0.1395604395604396,1.0,11783,5423,5423,433808676000,8676173520.0,2807.340243628001,55.79423295226035,2874.38671875,2.7755575615628914e-17,0.0,0.16657356020396802,,,0.0,0.0,0.7639265014088552,0.0,0.0,0.7654453345010608,0.0,0.0,0.7585392842834415,0.0,0.0,0.0,0.0,0.6110054669314448,1.0,0.16253360302038633,0.15294117647058825,0.06352621225593402,0.10588235294117647,0.12975036104807097,0.17731127561514853,0.22340425531914893,0.0,1.0,0.04756091456707756,1.0,0.16253360302038633,0.15294117647058825,0.06352621225593402,0.10588235294117647,0.12975036104807097,0.17731127561514853,0.22340425531914893,0.0,1.0,0.04756091456707756,1.0,0.09314642689153851,0.004818066378593694,0.001381210043523845
amazon_vg,scaffold,,456,federated,False,3415496ee93fbd583f7f0657bcbf7f3648120c36,True,2d803e8c8342250dab34629c99259893c0e613c577572ea71dcc69be35d47a4c,0.6180267615797649,0.15278530028177104,0.0,0.0,0.6200173681184946,0.15308906690021215,0.0,0.0,0.6110054669314448,0.1517078568566883,0.0,0.0,0.0,0.0,0.0,0.0,0.34662360079408194,0.25,0.29297150737266403,0.1,0.15819630660258033,0.4117647058823529,1.0,0.0,1.0,0.2535683992797726,1.0,21694,0.25568002991192484,0.19444444444444445,0.19142915516356873,0.11070041931977016,0.14615384615384616,0.28571428571428575,0.45454545454545453,0.0,1.0,0.1395604395604396,1.0,11783,5423,5423,433808676000,8676173520.0,3298.690636829997,65.01707339296074,2870.4453125,2.7755575615628914e-17,0.0,0.16657356020396802,,,0.0,0.0,0.7639265014088552,0.0,0.0,0.7654453345010608,0.0,0.0,0.7585392842834415,0.0,0.0,0.0,0.0,0.6110054669314448,1.0,0.16253360302038633,0.15294117647058825,0.06352621225593402,0.10588235294117647,0.12975036104807097,0.17731127561514853,0.22340425531914893,0.0,1.0,0.04756091456707756,1.0,0.16253360302038633,0.15294117647058825,0.06352621225593402,0.10588235294117647,0.12975036104807097,0.17731127561514853,0.22340425531914893,0.0,1.0,0.04756091456707756,1.0,0.09314642689153851,0.004818066378593694,0.001381210043523845
amazon_vg,fedadam,,42,federated,False,3415496ee93fbd583f7f0657bcbf7f3648120c36,True,2d803e8c8342250dab34629c99259893c0e613c577572ea71dcc69be35d47a4c,0.7863323915409924,0.5655925498188108,0.7781075652756081,0.2648137096086623,0.7889773602906102,0.5687571728273554,0.7829925131299588,0.2676147382029735,0.7817043000828774,0.5628891138118014,0.7797502163532289,0.25808100601496076,0.71304613308052,0.8602223493035833,0.5156611739071224,0.1721097247789823,0.6504192601045862,0.6,0.2670357140012736,0.3333333333333333,0.4462460380670643,1.0,1.0,0.0,1.0,0.5537539619329357,1.0,21694,0.5967424646062058,0.5581317915037882,0.21588301344788643,0.33436548636548635,0.4444444444444445,0.7256818181818182,1.0,0.0,1.0,0.28123737373737373,1.0,11783,5423,5423,216904338000,4338086760.0,1397.7099718460001,27.9112359328,2945.625,0.008976537118573944,0.023965866575664574,0.16657356020396802,2,8676173520,0.431433048089671,0.4487379877272201,0.9048704383928925,0.43611772916516256,0.4509047501200996,0.9061561335185826,0.43082197057237503,0.4442030450986624,0.9015893310197802,0.49423357341699437,0.38183183695763495,0.5929959888923172,0.35510185227955104,0.8492624327264451,0.960787812187002,0.5328287446695121,0.5233333333333332,0.12648738561958706,0.380533231474408,0.4527097232960904,0.6039336377054018,0.6896223554439358,0.17192982456140352,1.0,0.15122391440931138,0.8280701754385965,0.5328287446695121,0.5233333333333332,0.12648738561958706,0.380533231474408,0.4527097232960904,0.6039336377054018,0.6896223554439358,0.17192982456140352,1.0,0.15122391440931138,0.8280701754385965,0.0639137199366937,-0.04616774510892163,0.005868059015553984
amazon_vg,fedadam,,123,federated,False,3415496ee93fbd583f7f0657bcbf7f3648120c36,True,2d803e8c8342250dab34629c99259893c0e613c577572ea71dcc69be35d47a4c,0.7859715749948017,0.5762142576165966,0.7805456145497214,0.30864149924806233,0.7876655781014934,0.5768573141626361,0.7840839855649812,0.3061622464898596,0.7803861910737757,0.571303116851425,0.7807480712563005,0.29841112981177526,0.7446604503870514,0.8205115778658731,0.4654175898275696,0.2196086452580623,0.6525606477147711,0.6102941176470589,0.26572166094058197,0.3333333333333333,0.4523809523809524,1.0,1.0,0.0,1.0,0.5476190476190477,1.0,21694,0.6009766472359658,0.5689125295508275,0.21460254576964996,0.33964835164835167,0.45053225972663313,0.7291666666666667,1.0,0.0,1.0,0.2786344069400336,1.0,11783,5423,5423,216904338000,4338086760.0,1361.7471876109998,27.191067540820033,2930.6328125,0.00765624733233308,0.007306768905474104,0.16657356020396802,2,8676173520,0.45876919772312313,0.4278486446706734,0.9052663318914029,0.4605672814720976,0.4270834940669989,0.9063895632192428,0.4550174789224758,0.4205295984511512,0.9018093058154223,0.45681794721811236,0.45323114737309256,0.6242882869772434,0.31704928634117047,0.8482639955974528,0.9625700000405504,0.538341992598409,0.5311276228018255,0.12476841439901547,0.3838118011432215,0.45896086369770583,0.6113835962699462,0.6927676846840684,0.14162679425837318,1.0,0.15242273257224037,0.8583732057416268,0.538341992598409,0.5311276228018255,0.12476841439901547,0.3838118011432215,0.45896086369770583,0.6113835962699462,0.6927676846840684,0.14162679425837318,1.0,0.15242273257224037,0.8583732057416268,0.0626346546375568,-0.04416344949486983,0.005554197311211095
amazon_vg,fedadam,,456,federated,False,3415496ee93fbd583f7f0657bcbf7f3648120c36,True,2d803e8c8342250dab34629c99259893c0e613c577572ea71dcc69be35d47a4c,0.7849411074010201,0.570786906345083,0.7793164577361835,0.30939098093909806,0.7872222018371067,0.5720883524527343,0.7831415506179666,0.3068957401741586,0.7799649908265064,0.5670984014328411,0.7802652760457999,0.30228465575795,0.7331151899381358,0.8338971222533463,0.47119688146686556,0.22251767005295334,0.6488718034729031,0.6,0.26703581404197424,0.3333333333333333,0.4444444444444445,1.0,1.0,0.0,1.0,0.5555555555555556,1.0,21694,0.5956316794656992,0.5590150590150591,0.21565667672834124,0.3333333333333333,0.4444444444444445,0.7222222222222222,1.0,0.0,1.0,0.27777777777777773,1.0,11783,5423,5423,216904338000,4338086760.0,1419.2119329479997,28.33653770849997,2930.70703125,0.005521279078836222,0.014439236985652637,0.16657356020396802,2,8676173520,0.41787832528341556,0.4442873425574584,0.9030614252092595,0.42057707667731625,0.44512203975548487,0.9047053550387454,0.41328738579900626,0.4397194944456909,0.8999351951157583,0.5002182453077259,0.35209777079848426,0.5827335935594047,0.3530694258395307,0.8446773923900246,0.9629288706322205,0.5338378453467008,0.5261904761904762,0.1266150679250136,0.3797857277450268,0.4539059083331529,0.6047619047619048,0.6909605911330049,0.16551724137931034,1.0,0.15085599642875192,0.8344827586206897,0.5338378453467008,0.5261904761904762,0.1266150679250136,0.3797857277450268,0.4539059083331529,0.6047619047619048,0.6909605911330049,0.16551724137931034,1.0,0.15085599642875192,0.8344827586206897,0.061793834118998414,-0.046452394411693465,0.004989951019893191
amazon_vg,fedadagrad,,42,federated,False,3415496ee93fbd583f7f0657bcbf7f3648120c36,True,2d803e8c8342250dab34629c99259893c0e613c577572ea71dcc69be35d47a4c,0.7833969348940177,0.5591633169368367,0.7774516359350386,0.31074213446095356,0.784827970009418,0.5597715209860085,0.7812276823669443,0.3123730667083269,0.7783384145774928,0.5564749502964493,0.7793363532903399,0.3072678227360308,0.7222111932767549,0.8462746314371287,0.47748395132700966,0.2265175791459285,0.6446837931636199,0.6,0.26788733091597383,0.3333333333333333,0.4444444444444444,1.0,1.0,0.0,1.0,0.5555555555555556,1.0,21694,0.5895315259947664,0.5551515151515151,0.21594435596020897,0.3333333333333333,0.4444444444444444,0.7142603753430693,1.0,0.0,1.0,0.2698159308986249,1.0,11783,5423,5423,216904338000,4338086760.0,1391.7082109519997,27.78862594818005,2934.015625,0.004598800991200463,0.01305602963944219,0.16657356020396802,1,4338086760,0.32547538014800015,0.4790393345337425,0.9031080996064488,0.3246518018862033,0.4762232328250596,0.9043818211435087,0.3225701565704567,0.4732448295840995,0.8999555893013195,0.6032837496491721,0.22013791690847642,0.5204565602836879,0.43388609173633885,0.8507053595771995,0.9552587720543213,0.524469315533827,0.5133333333333333,0.12628464095348796,0.3767195778639305,0.44344264377159115,0.5948721791397426,0.6818415248494972,0.16000000000000003,1.0,0.1514295353681514,0.84,0.524469315533827,0.5133333333333333,0.12628464095348796,0.3767195778639305,0.44344264377159115,0.5948721791397426,0.6818415248494972,0.16000000000000003,1.0,0.1514295353681514,0.84,0.06506221046093941,-0.043386244530597196,0.0032965706895591307
amazon_vg,fedadagrad,,123,federated,False,3415496ee93fbd583f7f0657bcbf7f3648120c36,True,2d803e8c8342250dab34629c99259893c0e613c577572ea71dcc69be35d47a4c,0.7862131386147091,0.5731546734657954,0.7787728483512446,0.3020308564231738,0.7875646717792537,0.5729082675968736,0.7809530351949807,0.29909148868345553,0.7812013374346675,0.5696675728026458,0.7792192560648846,0.294776822148283,0.7287769480656457,0.8371635440191527,0.4763378138473244,0.21342696756891888,0.6498409970426942,0.6012071262071261,0.2668398832706503,0.3333333333333333,0.4464285714285714,1.0,1.0,0.0,1.0,0.5535714285714286,1.0,21694,0.5969927581438755,0.5605263157894737,0.21586929820685882,0.3333333333333333,0.4444444444444445,0.723584529505582,1.0,0.0,1.0,0.2791400850611376,1.0,11783,5423,5423,216904338000,4338086760.0,1380.1649561719996,27.558801633639995,2931.15234375,0.011587267584134392,0.005692071392299325,0.16657356020396802,1,4338086760,0.4228650821217685,0.45823097567556054,0.9038736047572296,0.4228809979375295,0.45659816503272643,0.9050176511356761,0.4205080336040992,0.45309978996948613,0.9007339622264758,0.5027305537088043,0.3614003345509166,0.5850926954792678,0.36969836943969697,0.8481060029544742,0.9603255382045116,0.5361558648276571,0.5276524794013532,0.12590159430901302,0.3827268133165661,0.455521537028496,0.6088804052333464,0.6938253040007426,0.13333333333333336,1.0,0.1533588682048504,0.8666666666666667,0.5361558648276571,0.5276524794013532,0.12590159430901302,0.3827268133165661,0.455521537028496,0.6088804052333464,0.6938253040007426,0.13333333333333336,1.0,0.1533588682048504,0.8666666666666667,0.06083689331621844,-0.04939347998323279,0.0032406947942278386
amazon_vg,fedadagrad,,456,federated,False,3415496ee93fbd583f7f0657bcbf7f3648120c36,True,2d803e8c8342250dab34629c99259893c0e613c577572ea71dcc69be35d47a4c,0.7854517545469001,0.5685467589429614,0.7775344965218384,0.28904143172346164,0.7874148411795643,0.5692031037447907,0.7801248746695836,0.28382072736310165,0.7807033300834844,0.5654793406824614,0.7784627662674803,0.28044905740309256,0.7242504129611399,0.8414476936348393,0.4953948883260419,0.19558646394400128,0.648569419445347,0.6,0.267750662002608,0.3333333333333333,0.4444444444444445,1.0,1.0,0.0,1.0,0.5555555555555556,1.0,21694,0.5947301925200058,0.5555555555555556,0.21688635534077697,0.3333333333333333,0.4444444444444445,0.7222222222222222,1.0,0.0,1.0,0.27777777777777773,1.0,11783,5423,5423,216904338000,4338086760.0,1388.8850670420006,27.73349601968008,2927.12109375,0.003153037957449213,0.0018763211167966976,0.16657356020396802,1,4338086760,0.4183389703119128,0.45506932161807495,0.9027495745395188,0.42140267533441683,0.45654796094198735,0.9041192804148642,0.41773371332236175,0.45110902842861605,0.8996421379907561,0.5068426435494082,0.3552725907213327,0.5856068426485769,0.36685297242366854,0.8452173665084664,0.9615582688244859,0.5325503191177681,0.5238095238095238,0.1258912578644138,0.38095238095238093,0.4527267228670681,0.6039933007439533,0.6899638752052546,0.17600000000000002,1.0,0.1512665778768852,0.824,0.5325503191177681,0.5238095238095238,0.1258912578644138,0.38095238095238093,0.4527267228670681,0.6039933007439533,0.6899638752052546,0.17600000000000002,1.0,0.1512665778768852,0.824,0.06217987340223774,-0.047619047619047616,0.003723763062329244
amazon_vg,fedyogi,,42,federated,False,3415496ee93fbd583f7f0657bcbf7f3648120c36,True,2d803e8c8342250dab34629c99259893c0e613c577572ea71dcc69be35d47a4c,0.7873047615553028,0.575871586276931,0.7793745856601908,0.29286749315730154,0.7896164336647953,0.577973211550073,0.7828063975148288,0.29245474883058775,0.7827188971490937,0.5732619237536484,0.7798392275837632,0.28490375522895195,0.7180093627155137,0.853321185216776,0.48325358851674644,0.20199540919524556,0.6571725162608227,0.6170769132688636,0.2649251462726048,0.3333333333333333,0.4547826086956522,1.0,1.0,0.0,1.0,0.5452173913043479,1.0,21694,0.6053686583294257,0.573233082706767,0.21483971365005108,0.34695640616693246,0.4523809523809524,0.7388888888888889,1.0,0.0,1.0,0.28650793650793654,1.0,11783,5423,5423,216904338000,4338086760.0,1385.8133685840003,27.673223631239964,2929.546875,0.00784640253410636,0.012276359001121007,0.16657356020396802,2,8676173520,0.4378868102129662,0.46240469537623385,0.9068243469779633,0.442081098175174,0.46425391800799853,0.9082698952217758,0.4379475835176783,0.4597429375049026,0.9038761149329456,0.4856958709301842,0.398747140955177,0.5841555963720758,0.3790198161577902,0.8587829451704753,0.9539672434278021,0.5422218230919108,0.5333902121104396,0.12578929399688,0.39152877066297403,0.4608543715039304,0.612409573576775,0.699437561437045,0.17192982456140352,1.0,0.15155520207284456,0.8280701754385965,0.5422218230919108,0.5333902121104396,0.12578929399688,0.39152877066297403,0.4608543715039304,0.612409573576775,0.699437561437045,0.17192982456140352,1.0,0.15155520207284456,0.8280701754385965,0.06314683523751485,-0.04457236449604157,0.004711287796424601
amazon_vg,fedyogi,,123,federated,False,3415496ee93fbd583f7f0657bcbf7f3648120c36,True,2d803e8c8342250dab34629c99259893c0e613c577572ea71dcc69be35d47a4c,0.7862192541493903,0.5833339405495135,0.7800326789646926,0.32286031863653203,0.7880111058109811,0.5841925060093869,0.7832465688594417,0.3212303075768942,0.7809449008135358,0.5789167831111331,0.7801669971236281,0.3117392661286727,0.7504365033174252,0.8123503697744521,0.4503993816026797,0.2383582191313834,0.6592345032133808,0.6205990405990405,0.26362431953925325,0.3333333333333333,0.46257684309154895,1.0,1.0,0.0,1.0,0.5374231569084511,1.0,21694,0.6085740267466289,0.5803921568627451,0.21420319850740097,0.35,0.45454545454545453,0.7470743853096794,1.0,0.0,1.0,0.29252893076422487,1.0,11783,5423,5423,216904338000,4338086760.0,1414.3519849860004,28.243494410120185,2930.171875,0.010221721926008714,0.0018130574289618728,0.16657356020396802,2,8676173520,0.4505332600329852,0.4565276215161571,0.9067158235972005,0.451250660560155,0.45746372348197273,0.9077712695684707,0.44695580454677064,0.4523030426977527,0.9034188050588414,0.45987180644578857,0.4347455023384426,0.5873006506056091,0.3677675643216777,0.8574597508559773,0.9545836087377892,0.5470131306590313,0.5401521822574453,0.12494169337987342,0.3943184223184223,0.4660858585858586,0.6190256353414249,0.701929644098442,0.14162679425837318,1.0,0.15293977675556625,0.8583732057416268,0.5470131306590313,0.5401521822574453,0.12494169337987342,0.3943184223184223,0.4660858585858586,0.6190256353414249,0.701929644098442,0.14162679425837318,1.0,0.15293977675556625,0.8583732057416268,0.061560896087597516,-0.04431842231842231,0.005275722898253732
amazon_vg,fedyogi,,456,federated,False,3415496ee93fbd583f7f0657bcbf7f3648120c36,True,2d803e8c8342250dab34629c99259893c0e613c577572ea71dcc69be35d47a4c,0.785931824019374,0.5750328263985679,0.7776716689404275,0.3180407298054357,0.7876013649873408,0.5756988233642835,0.7815017064846417,0.3157491476075547,0.7808965866675256,0.5715776712257968,0.7787639931427446,0.30977416386320095,0.7234826433359391,0.8431923699489198,0.46069281163062015,0.23333560600895434,0.6548350353418066,0.6116146231219761,0.26527166478326336,0.3333333333333333,0.45454545454545453,1.0,1.0,0.0,1.0,0.5454545454545454,1.0,21694,0.6012826175084427,0.5663588253984101,0.21480650734498327,0.34375,0.45,0.7313290772245995,1.0,0.0,1.0,0.2813290772245995,1.0,11783,5423,5423,216904338000,4338086760.0,1399.8788250460002,27.95462641431983,2931.46875,0.004651336960845498,0.01041557409485161,0.16657356020396802,2,8676173520,0.40810442035888056,0.46563707618150285,0.9057102367065932,0.41007064868336546,0.46423914684527645,0.9069334672005792,0.4047491445768232,0.46216048778897256,0.9024405667572426,0.5107954841059258,0.3351653978766258,0.5612057701698584,0.3928310776479283,0.8555019455818398,0.9548289383513039,0.5382321198960863,0.5312820512820513,0.12538950494664033,0.3852247268300994,0.45866118541325523,0.6083145679457156,0.6959027247262544,0.16551724137931034,1.0,0.14965338253246036,0.8344827586206897,0.5382321198960863,0.5312820512820513,0.12538950494664033,0.3852247268300994,0.45866118541325523,0.6083145679457156,0.6959027247262544,0.16551724137931034,1.0,0.14965338253246036,0.8344827586206897,0.06305049761235637,-0.041474726830099395,0.004121152138486628
