regime,metric,method,n,mean,std,ci95_low,ci95_high,per_seed
amazon_vg,held_macro_f1,centralized,3,0.5794575507608161,0.0031398246929707422,0.5716577938327225,0.5872573076889096,"{""42"": 0.5770547380555235, ""123"": 0.5830102051714205, ""456"": 0.578307709055504}"
amazon_vg,held_macro_f1,fedavg,3,0.17647826494982533,0.0026729295044702105,0.16983833996692074,0.1831181899327299,"{""42"": 0.17412381954782388, ""123"": 0.17592719592990247, ""456"": 0.17938377937174965}"
amazon_vg,held_macro_f1,fedprox,3,0.17512228287670517,0.0023718095965223076,0.16923038121289277,0.18101418454051757,"{""42"": 0.1729953740314038, ""123"": 0.17469152351445444, ""456"": 0.17767995108425727}"
amazon_vg,held_macro_f1,fednova,3,0.18159520293496179,0.0014346314426591973,0.1780313808657893,0.18515902500413428,"{""42"": 0.1801501825558165, ""123"": 0.1816162115535045, ""456"": 0.1830192146955644}"
amazon_vg,held_macro_f1,scaffold,3,0.1517078568566883,0.0,0.1517078568566883,0.1517078568566883,"{""42"": 0.1517078568566883, ""123"": 0.1517078568566883, ""456"": 0.1517078568566883}"
amazon_vg,held_macro_f1,fedadam,3,0.5670968773653559,0.004207001726857859,0.5566461057222695,0.5775476490084422,"{""42"": 0.5628891138118014, ""123"": 0.571303116851425, ""456"": 0.5670984014328411}"
amazon_vg,held_macro_f1,fedadagrad,3,0.5638739545938521,0.00674123657186687,0.5471277946018471,0.5806201145858572,"{""42"": 0.5564749502964493, ""123"": 0.5696675728026458, ""456"": 0.5654793406824614}"
amazon_vg,held_macro_f1,fedyogi,3,0.5745854593635261,0.0038444051164428584,0.5650354276345245,0.5841354910925277,"{""42"": 0.5732619237536484, ""123"": 0.5789167831111331, ""456"": 0.5715776712257968}"
amazon_vg,held_accuracy,centralized,3,0.7885587146950571,0.00029449643321392973,0.7878271449993345,0.7892902843907798,"{""42"": 0.7887668371701785, ""123"": 0.7886875524177513, ""456"": 0.7882217544972417}"
amazon_vg,held_accuracy,fedavg,3,0.6191788164355639,0.0008775575477881767,0.6169988426368722,0.6213587902342557,"{""42"": 0.6183950536225079, ""123"": 0.6190144657508452, ""456"": 0.6201269299333388}"
amazon_vg,held_accuracy,fedprox,3,0.6187204514605944,0.0007741039313048339,0.6167974706920258,0.620643432229163,"{""42"": 0.6180147345757089, ""123"": 0.6185982208006026, ""456"": 0.6195483990054719}"
amazon_vg,held_accuracy,fednova,3,0.620853293889169,0.0004763667222733553,0.6196699333497468,0.6220366544285911,"{""42"": 0.620373455960417, ""123"": 0.6208603138932901, ""456"": 0.6213261118137997}"
amazon_vg,held_accuracy,scaffold,3,0.6110054669314448,0.0,0.6110054669314448,0.6110054669314448,"{""42"": 0.6110054669314448, ""123"": 0.6110054669314448, ""456"": 0.6110054669314448}"
amazon_vg,held_accuracy,fedadam,3,0.7806851606610531,0.0009073787979185422,0.7784311067703009,0.7829392145518053,"{""42"": 0.7817043000828774, ""123"": 0.7803861910737757, ""456"": 0.7799649908265064}"
amazon_vg,held_accuracy,fedadagrad,3,0.7800810273652149,0.001529551348078108,0.7762814111793955,0.7838806435510343,"{""42"": 0.7783384145774928, ""123"": 0.7812013374346675, ""456"": 0.7807033300834844}"
amazon_vg,held_accuracy,fedyogi,3,0.7815201282100518,0.0010384453722199689,0.7789404868993276,0.784099769520776,"{""42"": 0.7827188971490937, ""123"": 0.7809449008135358, ""456"": 0.7808965866675256}"
amazon_vg,ct_macro_f1,centralized,3,0.5835441243669922,0.003537023839428942,0.5747576700601068,0.5923305786738776,"{""42"": 0.5803736767163784, ""123"": 0.5873590867222005, ""456"": 0.5828996096623978}"
amazon_vg,ct_macro_f1,local_only,3,0.2220996363805358,0.00041940808519470103,0.22105776893949064,0.22314150382158093,"{""42"": 0.22236616589476835, ""123"": 0.22161619358947263, ""456"": 0.22231654965736639}"
amazon_vg,ct_macro_f1,fedavg,3,0.1799231963521529,0.002694264695028821,0.1732302718177943,0.1866161208865115,"{""42"": 0.17753406909362074, ""123"": 0.17939203826173683, ""456"": 0.18284348170110112}"
amazon_vg,ct_macro_f1,fedprox,3,0.17849464727218892,0.0023402169619620504,0.1726812260633012,0.18430806848107664,"{""42"": 0.1764154363829734, ""123"": 0.17803950290907614, ""456"": 0.18102900252451723}"
amazon_vg,ct_macro_f1,fednova,3,0.18535592191088965,0.0015479327883416703,0.18151064369611528,0.18920120012566402,"{""42"": 0.18381535479873912, ""123"": 0.18534129423189222, ""456"": 0.1869111167020376}"
amazon_vg,ct_macro_f1,scaffold,3,0.15308906690021215,0.0,0.15308906690021215,0.15308906690021215,"{""42"": 0.15308906690021215, ""123"": 0.15308906690021215, ""456"": 0.15308906690021215}"
amazon_vg,ct_macro_f1,fedadam,3,0.5725676131475753,0.004071282417506226,0.562453986959062,0.5826812393360886,"{""42"": 0.5687571728273554, ""123"": 0.5768573141626361, ""456"": 0.5720883524527343}"
amazon_vg,ct_macro_f1,fedadagrad,3,0.5672942974425575,0.006773195996285868,0.5504687458391074,0.5841198490460077,"{""42"": 0.5597715209860085, ""123"": 0.5729082675968736, ""456"": 0.5692031037447907}"
amazon_vg,ct_macro_f1,fedyogi,3,0.5792881803079144,0.00439687597556573,0.5683657348831226,0.5902106257327062,"{""42"": 0.577973211550073, ""123"": 0.5841925060093869, ""456"": 0.5756988233642835}"
amazon_vg,val_macro_f1,centralized,3,0.5814031665190514,0.003236017912190225,0.5733644523874801,0.5894418806506228,"{""42"": 0.5789798586744624, ""123"": 0.5850780492666443, ""456"": 0.5801515916160473}"
amazon_vg,val_macro_f1,local_only,3,0.22177698719032468,0.00027446569081245145,0.22109517661719585,0.2224587977634535,"{""42"": 0.22203836816284897, ""123"": 0.22149108263951023, ""456"": 0.22180151076861487}"
amazon_vg,val_macro_f1,fedavg,3,0.1788347171687786,0.002925264515681278,0.1715679572685297,0.18610147706902752,"{""42"": 0.17629374644882487, ""123"": 0.1781778278020981, ""456"": 0.18203257725541278}"
amazon_vg,val_macro_f1,fedprox,3,0.17733274044113412,0.0025133853716128468,0.17108914505534903,0.1835763358269192,"{""42"": 0.17511041742724504, ""123"": 0.17682740377527062, ""456"": 0.18006040012088667}"
amazon_vg,val_macro_f1,fednova,3,0.18417577058348034,0.0014207990178816822,0.18064631016234262,0.18770523100461806,"{""42"": 0.1827589280508385, ""123"": 0.18416789039267148, ""456"": 0.1856004933069311}"
amazon_vg,val_macro_f1,scaffold,3,0.15278530028177104,0.0,0.15278530028177104,0.15278530028177104,"{""42"": 0.15278530028177104, ""123"": 0.15278530028177104, ""456"": 0.15278530028177104}"
amazon_vg,val_macro_f1,fedadam,3,0.5708645712601634,0.00531127979065892,0.5576706208345302,0.5840585216857966,"{""42"": 0.5655925498188108, ""123"": 0.5762142576165966, ""456"": 0.570786906345083}"
amazon_vg,val_macro_f1,fedadagrad,3,0.5669549164485311,0.007130216425566188,0.5492424769328406,0.5846673559642217,"{""42"": 0.5591633169368367, ""123"": 0.5731546734657954, ""456"": 0.5685467589429614}"
amazon_vg,val_macro_f1,fedyogi,3,0.5780794510750041,0.004569805713778769,0.5667274243660342,0.5894314777839741,"{""42"": 0.575871586276931, ""123"": 0.5833339405495135, ""456"": 0.5750328263985679}"
amazon_vg,ct_client_min5_f1_mean,centralized,3,0.6112363569062208,0.0016293754879353561,0.607188763810039,0.6152839500024027,"{""42"": 0.6116641928458141, ""123"": 0.6126091278748362, ""456"": 0.6094357499980123}"
amazon_vg,ct_client_min5_f1_mean,local_only,3,0.2633125572580881,6.539119238928106e-05,0.2631501165310576,0.26347499798511864,"{""42"": 0.26334709913864696, ""123"": 0.26323713864453036, ""456"": 0.26335343399108707}"
amazon_vg,ct_client_min5_f1_mean,fedavg,3,0.2733151477485721,0.0016675229940687456,0.2691727909937951,0.27745750450334905,"{""42"": 0.27186079951935005, ""123"": 0.27294948776924793, ""456"": 0.27513515595711824}"
amazon_vg,ct_client_min5_f1_mean,fedprox,3,0.27242655182918235,0.0015261752912544963,0.2686353222334355,0.2762177814249292,"{""42"": 0.2710729300907145, ""123"": 0.2721261256946673, ""456"": 0.2740805997021652}"
amazon_vg,ct_client_min5_f1_mean,fednova,3,0.2770874179497558,0.001070262426774796,0.2744287386939351,0.27974609720557647,"{""42"": 0.27606468299652315, ""123"": 0.2769979763271209, ""456"": 0.2781995945256233}"
amazon_vg,ct_client_min5_f1_mean,scaffold,3,0.25568002991192484,0.0,0.25568002991192484,0.25568002991192484,"{""42"": 0.25568002991192484, ""123"": 0.25568002991192484, ""456"": 0.25568002991192484}"
amazon_vg,ct_client_min5_f1_mean,fedadam,3,0.5977835971026236,0.0028204853789055534,0.5907771230074439,0.6047900711978034,"{""42"": 0.5967424646062058, ""123"": 0.6009766472359658, ""456"": 0.5956316794656992}"
amazon_vg,ct_client_min5_f1_mean,fedadagrad,3,0.5937514922195493,0.003825687781864863,0.5842479569272363,0.6032550275118622,"{""42"": 0.5895315259947664, ""123"": 0.5969927581438755, ""456"": 0.5947301925200058}"
amazon_vg,ct_client_min5_f1_mean,fedyogi,3,0.6050751008614991,0.0036545579978854124,0.5959966755191731,0.614153526203825,"{""42"": 0.6053686583294257, ""123"": 0.6085740267466289, ""456"": 0.6012826175084427}"
amazon_vg,ct_client_min5_f1_p10,centralized,3,0.3552607311336973,0.0009482708234579464,0.3529050958201929,0.35761636644720174,"{""42"": 0.3557692307692307, ""123"": 0.3558462959651946, ""456"": 0.35416666666666663}"
amazon_vg,ct_client_min5_f1_p10,local_only,3,0.11565835564109939,0.00023713578915527964,0.11506927768445308,0.1162474335977457,"{""42"": 0.11578947368421051, ""123"": 0.11538461538461538, ""456"": 0.11580097785447224}"
amazon_vg,ct_client_min5_f1_p10,fedavg,3,0.1135510509049835,0.0010190873920378118,0.11101949748285309,0.11608260432711393,"{""42"": 0.11238764044943822, ""123"": 0.11397979797979799, ""456"": 0.1142857142857143}"
amazon_vg,ct_client_min5_f1_p10,fedprox,3,0.11249720436356596,0.0016138332757493438,0.10848822026279945,0.11650618846433247,"{""42"": 0.1111497584541063, ""123"": 0.11205614035087723, ""456"": 0.1142857142857143}"
amazon_vg,ct_client_min5_f1_p10,fednova,3,0.11501831501831501,0.0006344508452633148,0.11344225174734454,0.11659437828928548,"{""42"": 0.1142857142857143, ""123"": 0.11538461538461538, ""456"": 0.11538461538461538}"
amazon_vg,ct_client_min5_f1_p10,scaffold,3,0.11070041931977016,0.0,0.11070041931977016,0.11070041931977016,"{""42"": 0.11070041931977016, ""123"": 0.11070041931977016, ""456"": 0.11070041931977016}"
amazon_vg,ct_client_min5_f1_p10,fedadam,3,0.3357823904490571,0.0033875620977753184,0.3273672196910774,0.3441975612070368,"{""42"": 0.33436548636548635, ""123"": 0.33964835164835167, ""456"": 0.3333333333333333}"
amazon_vg,ct_client_min5_f1_p10,fedadagrad,3,0.3333333333333333,0.0,0.3333333333333333,0.3333333333333333,"{""42"": 0.3333333333333333, ""123"": 0.3333333333333333, ""456"": 0.3333333333333333}"
amazon_vg,ct_client_min5_f1_p10,fedyogi,3,0.34690213538897746,0.0031253534180960734,0.3391383271005372,0.3546659436774177,"{""42"": 0.34695640616693246, ""123"": 0.35, ""456"": 0.34375}"
amazon_vg,ct_client_min5_f1_worst,centralized,3,0.0,0.0,0.0,0.0,"{""42"": 0.0, ""123"": 0.0, ""456"": 0.0}"
amazon_vg,ct_client_min5_f1_worst,local_only,3,0.0,0.0,0.0,0.0,"{""42"": 0.0, ""123"": 0.0, ""456"": 0.0}"
amazon_vg,ct_client_min5_f1_worst,fedavg,3,0.0,0.0,0.0,0.0,"{""42"": 0.0, ""123"": 0.0, ""456"": 0.0}"
amazon_vg,ct_client_min5_f1_worst,fedprox,3,0.0,0.0,0.0,0.0,"{""42"": 0.0, ""123"": 0.0, ""456"": 0.0}"
amazon_vg,ct_client_min5_f1_worst,fednova,3,0.0,0.0,0.0,0.0,"{""42"": 0.0, ""123"": 0.0, ""456"": 0.0}"
amazon_vg,ct_client_min5_f1_worst,scaffold,3,0.0,0.0,0.0,0.0,"{""42"": 0.0, ""123"": 0.0, ""456"": 0.0}"
amazon_vg,ct_client_min5_f1_worst,fedadam,3,0.0,0.0,0.0,0.0,"{""42"": 0.0, ""123"": 0.0, ""456"": 0.0}"
amazon_vg,ct_client_min5_f1_worst,fedadagrad,3,0.0,0.0,0.0,0.0,"{""42"": 0.0, ""123"": 0.0, ""456"": 0.0}"
amazon_vg,ct_client_min5_f1_worst,fedyogi,3,0.0,0.0,0.0,0.0,"{""42"": 0.0, ""123"": 0.0, ""456"": 0.0}"
amazon_vg,ct_client_min5_f1_std,centralized,3,0.21436911606637432,0.00026245022414957353,0.21371715356710705,0.2150210785656416,"{""42"": 0.2146564155231752, ""123"": 0.21414195354405818, ""456"": 0.2143089791318896}"
amazon_vg,ct_client_min5_f1_std,local_only,3,0.19121998753797173,0.00023683537226250063,0.19063165585825803,0.19180831921768543,"{""42"": 0.1914414428828827, ""123"": 0.19124821720145968, ""456"": 0.19097030252957284}"
amazon_vg,ct_client_min5_f1_std,fedavg,3,0.19730206495654676,0.00048731932825240394,0.19609149663557013,0.1985126332775234,"{""42"": 0.19683774803306522, ""123"": 0.1972589281702085, ""456"": 0.19780951866636648}"
amazon_vg,ct_client_min5_f1_std,fedprox,3,0.19700498910004613,0.0005385457025019588,0.19566716741095994,0.19834281078913232,"{""42"": 0.1964789837678134, ""123"": 0.19698072835650088, ""456"": 0.19755525517582403}"
amazon_vg,ct_client_min5_f1_std,fednova,3,0.19857138496787644,0.00038982252597557674,0.19760301213021073,0.19953975780554215,"{""42"": 0.19817853590813173, ""123"": 0.198577510223049, ""456"": 0.19895810877244854}"
amazon_vg,ct_client_min5_f1_std,scaffold,3,0.19142915516356873,0.0,0.19142915516356873,0.19142915516356873,"{""42"": 0.19142915516356873, ""123"": 0.19142915516356873, ""456"": 0.19142915516356873}"
amazon_vg,ct_client_min5_f1_std,fedadam,3,0.21538074531529253,0.0006833761608970304,0.21368314482269704,0.217078345807888,"{""42"": 0.21588301344788643, ""123"": 0.21460254576964996, ""456"": 0.21565667672834124}"
amazon_vg,ct_client_min5_f1_std,fedadagrad,3,0.21623333650261492,0.0005667747514051532,0.21482538996858147,0.21764128303664837,"{""42"": 0.21594435596020897, ""123"": 0.21586929820685882, ""456"": 0.21688635534077697}"
amazon_vg,ct_client_min5_f1_std,fedyogi,3,0.21461647316747845,0.0003582912546667562,0.2137264283499704,0.2155065179849865,"{""42"": 0.21483971365005108, ""123"": 0.21420319850740097, ""456"": 0.21480650734498327}"
amazon_vg,held_client_min5_f1_mean,centralized,3,0.547701855228673,0.0023340006900954826,0.5419038760951554,0.5534998343621905,"{""42"": 0.5467375042893091, ""123"": 0.5503634984477555, ""456"": 0.5460045629489543}"
amazon_vg,held_client_min5_f1_mean,fedavg,3,0.18223937526928377,0.002133336232521133,0.17693987428223465,0.1875388762563329,"{""42"": 0.1802904656537136, ""123"": 0.1819090553977694, ""456"": 0.18451860475636833}"
amazon_vg,held_client_min5_f1_mean,fedprox,3,0.18111674164026495,0.0019197334769220087,0.1763478593137334,0.1858856239667965,"{""42"": 0.17939628616346312, ""123"": 0.1807664317556768, ""456"": 0.18318750700165493}"
amazon_vg,held_client_min5_f1_mean,fednova,3,0.1866314722976142,0.0012062248162423238,0.18363504374273754,0.18962790085249087,"{""42"": 0.18543837215788153, ""123"": 0.186605637960746, ""456"": 0.18785040677421502}"
amazon_vg,held_client_min5_f1_mean,scaffold,3,0.16253360302038633,0.0,0.16253360302038633,0.16253360302038633,"{""42"": 0.16253360302038633, ""123"": 0.16253360302038633, ""456"": 0.16253360302038633}"
amazon_vg,held_client_min5_f1_mean,fedadam,3,0.5350028608715406,0.002935459344158896,0.5277107756134056,0.5422949461296755,"{""42"": 0.5328287446695121, ""123"": 0.538341992598409, ""456"": 0.5338378453467008}"
amazon_vg,held_client_min5_f1_mean,fedadagrad,3,0.5310584998264174,0.005984396560875164,0.5161924346474784,0.5459245650053564,"{""42"": 0.524469315533827, ""123"": 0.5361558648276571, ""456"": 0.5325503191177681}"
amazon_vg,held_client_min5_f1_mean,fedyogi,3,0.5424890245490094,0.004396599250414553,0.5315672665476013,0.5534107825504174,"{""42"": 0.5422218230919108, ""123"": 0.5470131306590313, ""456"": 0.5382321198960863}"
amazon_vg,held_client_min5_f1_median,centralized,3,0.5390286275795049,0.0036689426148634047,0.5299144688676748,0.548142786291335,"{""42"": 0.5369897959183674, ""123"": 0.5432641768035009, ""456"": 0.5368319100166463}"
amazon_vg,held_client_min5_f1_median,fedavg,3,0.16726871534770393,0.0018936954757124778,0.1625645150019156,0.17197291569349227,"{""42"": 0.16574923547400613, ""123"": 0.16666666666666666, ""456"": 0.16939024390243904}"
amazon_vg,held_client_min5_f1_median,fedprox,3,0.16645182501303282,0.0013029824476750921,0.16321503717701438,0.16968861284905126,"{""42"": 0.16521739130434782, ""123"": 0.1663241302463786, ""456"": 0.16781395348837208}"
amazon_vg,held_client_min5_f1_median,fednova,3,0.1707330148987393,0.0007150219777626132,0.16895680183904888,0.1725092279584297,"{""42"": 0.16999999999999998, ""123"": 0.17077047326764658, ""456"": 0.17142857142857143}"
amazon_vg,held_client_min5_f1_median,scaffold,3,0.15294117647058825,0.0,0.15294117647058825,0.15294117647058825,"{""42"": 0.15294117647058825, ""123"": 0.15294117647058825, ""456"": 0.15294117647058825}"
amazon_vg,held_client_min5_f1_median,fedadam,3,0.5268838107752116,0.003943129685218962,0.517088533621837,0.5366790879285862,"{""42"": 0.5233333333333332, ""123"": 0.5311276228018255, ""456"": 0.5261904761904762}"
amazon_vg,held_client_min5_f1_median,fedadagrad,3,0.5215984455147368,0.007411216934389459,0.5031879620380573,0.5400089289914163,"{""42"": 0.5133333333333333, ""123"": 0.5276524794013532, ""456"": 0.5238095238095238}"
amazon_vg,held_client_min5_f1_median,fedyogi,3,0.534941481883312,0.004634073187955928,0.5234298059180996,0.5464531578485244,"{""42"": 0.5333902121104396, ""123"": 0.5401521822574453, ""456"": 0.5312820512820513}"
amazon_vg,held_client_min5_f1_p10,centralized,3,0.3973391253059382,0.0014427583069820198,0.3937551149866231,0.4009231356252533,"{""42"": 0.397436411902704, ""123"": 0.3987307781649245, ""456"": 0.39585018585018583}"
amazon_vg,held_client_min5_f1_p10,fedavg,3,0.11456535923949136,0.0011110085718083738,0.1118054609481843,0.11732525753079842,"{""42"": 0.11362088974854932, ""123"": 0.1142857142857143, ""456"": 0.11578947368421051}"
amazon_vg,held_client_min5_f1_p10,fedprox,3,0.11411294615549934,0.0011106435720758465,0.11135395457379263,0.11687193773720606,"{""42"": 0.11333333333333333, ""123"": 0.11362088974854932, ""456"": 0.11538461538461538}"
amazon_vg,held_client_min5_f1_p10,fednova,3,0.11668832082928475,0.0007322849124542834,0.11486922426251128,0.11850741739605822,"{""42"": 0.11596710316063708, ""123"": 0.11666666666666667, ""456"": 0.11743119266055047}"
amazon_vg,held_client_min5_f1_p10,scaffold,3,0.10588235294117647,0.0,0.10588235294117647,0.10588235294117647,"{""42"": 0.10588235294117647, ""123"": 0.10588235294117647, ""456"": 0.10588235294117647}"
amazon_vg,held_client_min5_f1_p10,fedadam,3,0.3813769201208854,0.002141535582487246,0.37605705081937363,0.3866967894223972,"{""42"": 0.380533231474408, ""123"": 0.3838118011432215, ""456"": 0.3797857277450268}"
amazon_vg,held_client_min5_f1_p10,fedadagrad,3,0.3801329240442925,0.003086316844397358,0.37246608798071473,0.38779976010787026,"{""42"": 0.3767195778639305, ""123"": 0.3827268133165661, ""456"": 0.38095238095238093}"
amazon_vg,held_client_min5_f1_p10,fedyogi,3,0.39035730660383194,0.004658655432631003,0.3787845649575827,0.40193004825008116,"{""42"": 0.39152877066297403, ""123"": 0.3943184223184223, ""456"": 0.3852247268300994}"
amazon_vg,held_client_min5_f1_p25,centralized,3,0.46883978839259616,0.0028523006880809645,0.46175428068808283,0.4759252960971095,"{""42"": 0.4678517181742988, ""123"": 0.4720547437776832, ""456"": 0.46661290322580645}"
amazon_vg,held_client_min5_f1_p25,fedavg,3,0.13996547020631442,0.001221587891956207,0.13693087765568843,0.1430000627569404,"{""42"": 0.1388602520045819, ""123"": 0.13975903614457832, ""456"": 0.14127712246978302}"
amazon_vg,held_client_min5_f1_p25,fedprox,3,0.13929378140232235,0.0010252318963050793,0.1367469641854216,0.1418405986192231,"{""42"": 0.13836002925820806, ""123"": 0.13913043478260873, ""456"": 0.14039088016615026}"
amazon_vg,held_client_min5_f1_p25,fednova,3,0.142300199125288,0.0006759028574088334,0.1406211633477189,0.14397923490285708,"{""42"": 0.14166666666666666, ""123"": 0.14222222222222222, ""456"": 0.14301170848697506}"
amazon_vg,held_client_min5_f1_p25,scaffold,3,0.12975036104807097,0.0,0.12975036104807097,0.12975036104807097,"{""42"": 0.12975036104807097, ""123"": 0.12975036104807097, ""456"": 0.12975036104807097}"
amazon_vg,held_client_min5_f1_p25,fedadam,3,0.455192165108983,0.0033181367437469978,0.4469494564910967,0.46343487372686937,"{""42"": 0.4527097232960904, ""123"": 0.45896086369770583, ""456"": 0.4539059083331529}"
amazon_vg,held_client_min5_f1_p25,fedadagrad,3,0.45056363455571846,0.006323300472059563,0.43485568539034664,0.4662715837210903,"{""42"": 0.44344264377159115, ""123"": 0.455521537028496, ""456"": 0.4527267228670681}"
amazon_vg,held_client_min5_f1_p25,fedyogi,3,0.46186713850101474,0.003814540034234992,0.4523912957489902,0.4713429812530393,"{""42"": 0.4608543715039304, ""123"": 0.4660858585858586, ""456"": 0.45866118541325523}"
amazon_vg,held_client_min5_f1_worst,centralized,3,0.17853483735836675,0.004545720947514653,0.16724264052555216,0.18982703419118135,"{""42"": 0.17591036414565825, ""123"": 0.18378378378378377, ""456"": 0.17591036414565825}"
amazon_vg,held_client_min5_f1_worst,fedavg,3,0.006349206349206348,0.0109971479845643,-0.02096922368094897,0.03366763637936167,"{""42"": 0.0, ""123"": 0.0, ""456"": 0.019047619047619046}"
amazon_vg,held_client_min5_f1_worst,fedprox,3,0.006349206349206348,0.0109971479845643,-0.02096922368094897,0.03366763637936167,"{""42"": 0.0, ""123"": 0.0, ""456"": 0.019047619047619046}"
amazon_vg,held_client_min5_f1_worst,fednova,3,0.012698412698412697,0.010997147984564299,-0.014620017331742617,0.04001684272856801,"{""42"": 0.0, ""123"": 0.019047619047619046, ""456"": 0.019047619047619046}"
amazon_vg,held_client_min5_f1_worst,scaffold,3,0.0,0.0,0.0,0.0,"{""42"": 0.0, ""123"": 0.0, ""456"": 0.0}"
amazon_vg,held_client_min5_f1_worst,fedadam,3,0.15969128673302901,0.015969493481071618,0.12002086573914794,0.1993617077269101,"{""42"": 0.17192982456140352, ""123"": 0.14162679425837318, ""456"": 0.16551724137931034}"
amazon_vg,held_client_min5_f1_worst,fedadagrad,3,0.15644444444444447,0.021554410049746023,0.10290032158534007,0.20998856730354887,"{""42"": 0.16000000000000003, ""123"": 0.13333333333333336, ""456"": 0.17600000000000002}"
amazon_vg,held_client_min5_f1_worst,fedyogi,3,0.15969128673302901,0.015969493481071618,0.12002086573914794,0.1993617077269101,"{""42"": 0.17192982456140352, ""123"": 0.14162679425837318, ""456"": 0.16551724137931034}"
amazon_vg,held_client_min5_f1_std,centralized,3,0.12490419239789112,0.000506642152755721,0.12364562351986826,0.12616276127591397,"{""42"": 0.12433574504222487, ""123"": 0.12506867897276117, ""456"": 0.12530815317868732}"
amazon_vg,held_client_min5_f1_std,fedavg,3,0.07544937150039631,0.0007956732101981015,0.07347280967271376,0.07742593332807886,"{""42"": 0.07466065426634315, ""123"": 0.07543563735718621, ""456"": 0.07625182287765958}"
amazon_vg,held_client_min5_f1_std,fedprox,3,0.07487370209681767,0.0009638938446535907,0.07247925704718966,0.07726814714644567,"{""42"": 0.07391866780953721, ""123"": 0.07485622077950058, ""456"": 0.07584621770141521}"
amazon_vg,held_client_min5_f1_std,fednova,3,0.07686806794508723,0.0005512571936734014,0.07549866916140947,0.07823746672876498,"{""42"": 0.07633228069477, ""123"": 0.0768383317492017, ""456"": 0.07743359139129004}"
amazon_vg,held_client_min5_f1_std,scaffold,3,0.06352621225593402,0.0,0.06352621225593402,0.06352621225593402,"{""42"": 0.06352621225593402, ""123"": 0.06352621225593402, ""456"": 0.06352621225593402}"
amazon_vg,held_client_min5_f1_std,fedadam,3,0.12595695598120538,0.0010312851265414523,0.12339510170679654,0.1285188102556142,"{""42"": 0.12648738561958706, ""123"": 0.12476841439901547, ""456"": 0.1266150679250136}"
amazon_vg,held_client_min5_f1_std,fedadagrad,3,0.12602583104230491,0.00022419553545212736,0.12546889845788223,0.1265827636267276,"{""42"": 0.12628464095348796, ""123"": 0.12590159430901302, ""456"": 0.1258912578644138}"
amazon_vg,held_client_min5_f1_std,fedyogi,3,0.12537349744113124,0.0004240269822333823,0.12432015602376562,0.12642683885849687,"{""42"": 0.12578929399688, ""123"": 0.12494169337987342, ""456"": 0.12538950494664033}"
amazon_vg,held_client_min5_f1_iqr,centralized,3,0.14944754265063623,0.0017375447950461664,0.14513124209940656,0.1537638432018659,"{""42"": 0.1477834995457169, ""123"": 0.14930885192671328, ""456"": 0.15125027647947847}"
amazon_vg,held_client_min5_f1_iqr,fedavg,3,0.0674897551414728,0.0017453232271045433,0.06315413189382862,0.07182537838911698,"{""42"": 0.06579981182092398, ""123"": 0.0673838209982788, ""456"": 0.06928563260521564}"
amazon_vg,held_client_min5_f1_iqr,fedprox,3,0.06642474362645591,0.001500773590628497,0.06269661535317671,0.07015287189973511,"{""42"": 0.06502980125026653, ""123"": 0.06623175246517177, ""456"": 0.06801267716392945}"
amazon_vg,held_client_min5_f1_iqr,fednova,3,0.07094512597143957,0.00046038347671564236,0.06980147001506351,0.07208878192781562,"{""42"": 0.07045454545454544, ""123"": 0.07101307189542483, ""456"": 0.07136776056434843}"
amazon_vg,held_client_min5_f1_iqr,scaffold,3,0.04756091456707756,0.0,0.04756091456707756,0.04756091456707756,"{""42"": 0.04756091456707756, ""123"": 0.04756091456707756, ""456"": 0.04756091456707756}"
amazon_vg,held_client_min5_f1_iqr,fedadam,3,0.15150088113676788,0.000819267027236387,0.14946570901841638,0.15353605325511938,"{""42"": 0.15122391440931138, ""123"": 0.15242273257224037, ""456"": 0.15085599642875192}"
amazon_vg,held_client_min5_f1_iqr,fedadagrad,3,0.15201832714996233,0.0011637983183826366,0.1491272918583964,0.15490936244152825,"{""42"": 0.1514295353681514, ""123"": 0.1533588682048504, ""456"": 0.1512665778768852}"
amazon_vg,held_client_min5_f1_iqr,fedyogi,3,0.15138278712029038,0.0016499672524974973,0.14728404124520827,0.15548153299537248,"{""42"": 0.15155520207284456, ""123"": 0.15293977675556625, ""456"": 0.14965338253246036}"
amazon_vg,gap_pooled_macro_f1,centralized,3,0.004086573606176221,0.0006758047960524657,0.00240778142652055,0.0057653657858318915,"{""42"": 0.0033189386608548643, ""123"": 0.004348881550779948, ""456"": 0.004591900606893851}"
amazon_vg,gap_pooled_macro_f1,fedavg,3,0.0034449314023275632,3.0145120429240738e-05,0.003370046771844031,0.0035198160328110953,"{""42"": 0.0034102495457968562, ""123"": 0.0034648423318343613, ""456"": 0.0034597023293514717}"
amazon_vg,gap_pooled_macro_f1,fedprox,3,0.0033723643954837548,4.131111934502167e-05,0.0032697418860041677,0.003474986904963342,"{""42"": 0.0034200623515696082, ""123"": 0.0033479793946216974, ""456"": 0.003349051440259959}"
amazon_vg,gap_pooled_macro_f1,fednova,3,0.0037607189759278534,0.00011749066216811999,0.0034688559912575087,0.004052581960598198,"{""42"": 0.0036651722429226208, ""123"": 0.0037250826783877256, ""456"": 0.0038919020064732135}"
amazon_vg,gap_pooled_macro_f1,scaffold,3,0.001381210043523845,0.0,0.001381210043523845,0.001381210043523845,"{""42"": 0.001381210043523845, ""123"": 0.001381210043523845, ""456"": 0.001381210043523845}"
amazon_vg,gap_pooled_macro_f1,fedadam,3,0.005470735782219423,0.0004449637997939547,0.004365384426787536,0.00657608713765131,"{""42"": 0.005868059015553984, ""123"": 0.005554197311211095, ""456"": 0.004989951019893191}"
amazon_vg,gap_pooled_macro_f1,fedadagrad,3,0.0034203428487054044,0.0002642506356594449,0.0027639078793097807,0.004076777818101028,"{""42"": 0.0032965706895591307, ""123"": 0.0032406947942278386, ""456"": 0.003723763062329244}"
amazon_vg,gap_pooled_macro_f1,fedyogi,3,0.004702720944388321,0.0005773330520961497,0.003268546137436357,0.006136895751340284,"{""42"": 0.004711287796424601, ""123"": 0.005275722898253732, ""456"": 0.004121152138486628}"
amazon_vg,gap_mean_client_f1,centralized,3,0.06353450167754793,0.0013435121689855242,0.06019703243237551,0.06687197092272035,"{""42"": 0.06492668855650496, ""123"": 0.062245629427080784, ""456"": 0.06343118704905804}"
amazon_vg,gap_mean_client_f1,fedavg,3,0.09107577247928829,0.00047787240491006127,0.08988867161684638,0.0922628733417302,"{""42"": 0.09157033386563646, ""123"": 0.09104043237147855, ""456"": 0.0906165512007499}"
amazon_vg,gap_mean_client_f1,fedprox,3,0.09130981018891737,0.00039415025386632256,0.09033068667919207,0.09228893369864268,"{""42"": 0.09167664392725136, ""123"": 0.09135969393899052, ""456"": 0.09089309270051027}"
amazon_vg,gap_mean_client_f1,fednova,3,0.09045594565214161,0.00014910974639971032,0.09008553650792056,0.09082635479636267,"{""42"": 0.09062631083864162, ""123"": 0.09039233836637492, ""456"": 0.0903491877514083}"
amazon_vg,gap_mean_client_f1,scaffold,3,0.09314642689153851,0.0,0.09314642689153851,0.09314642689153851,"{""42"": 0.09314642689153851, ""123"": 0.09314642689153851, ""456"": 0.09314642689153851}"
amazon_vg,gap_mean_client_f1,fedadam,3,0.06278073623108298,0.001067466085640085,0.06012900347172993,0.06543246899043602,"{""42"": 0.0639137199366937, ""123"": 0.0626346546375568, ""456"": 0.061793834118998414}"
amazon_vg,gap_mean_client_f1,fedadagrad,3,0.06269299239313186,0.0021588873447867495,0.05733001892452656,0.06805596586173716,"{""42"": 0.06506221046093941, ""123"": 0.06083689331621844, ""456"": 0.06217987340223774}"
amazon_vg,gap_mean_client_f1,fedyogi,3,0.06258607631248958,0.0008891378434402626,0.06037733546465526,0.0647948171603239,"{""42"": 0.06314683523751485, ""123"": 0.061560896087597516, ""456"": 0.06305049761235637}"
amazon_vg,gap_p10_client_f1,centralized,3,-0.042078394172240796,0.0006981405044944624,-0.04381267132755589,-0.0403441170169257,"{""42"": -0.041667181133473286, ""123"": -0.0428844821997299, ""456"": -0.0416835191835192}"
amazon_vg,gap_p10_client_f1,fedavg,3,-0.0010143083345078758,0.0006282184159163052,-0.0025748893927016233,0.0005462727236858719,"{""42"": -0.0012332492991111027, ""123"": -0.00030591630591630947, ""456"": -0.0015037593984962155}"
amazon_vg,gap_p10_client_f1,fedprox,3,-0.0016157417919334023,0.0005441318504149732,-0.0029674402417137267,-0.00026404334215307784,"{""42"": -0.002183574879227032, ""123"": -0.0015647493976720939, ""456"": -0.0010989010989010811}"
amazon_vg,gap_p10_client_f1,fednova,3,-0.0016700058109697196,0.00038239008805109135,-0.0026199154492969647,-0.0007200961726424742,"{""42"": -0.001681388874922779, ""123"": -0.0012820512820512914, ""456"": -0.002046577275935088}"
amazon_vg,gap_p10_client_f1,scaffold,3,0.004818066378593694,0.0,0.004818066378593694,0.004818066378593694,"{""42"": 0.004818066378593694, ""123"": 0.004818066378593694, ""456"": 0.004818066378593694}"
amazon_vg,gap_p10_client_f1,fedadam,3,-0.04559452967182831,0.001247497158736144,-0.04869348440914616,-0.04249557493451046,"{""42"": -0.04616774510892163, ""123"": -0.04416344949486983, ""456"": -0.046452394411693465}"
amazon_vg,gap_p10_client_f1,fedadagrad,3,-0.0467995907109592,0.003086316844397358,-0.054466426774536954,-0.03913275464738145,"{""42"": -0.043386244530597196, ""123"": -0.04939347998323279, ""456"": -0.047619047619047616}"
amazon_vg,gap_p10_client_f1,fedyogi,3,-0.04345517121485443,0.0017198086022067408,-0.04772741262058881,-0.03918292980912004,"{""42"": -0.04457236449604157, ""123"": -0.04431842231842231, ""456"": -0.041474726830099395}"
amazon_vg,rounds_to_target,fedavg,3,41.0,3.0,33.54758686474901,48.45241313525099,"{""42"": 44, ""123"": 41, ""456"": 38}"
amazon_vg,rounds_to_target,fedprox,3,41.666666666666664,2.516611478423583,35.41505718729089,47.91827614604244,"{""42"": 44, ""123"": 42, ""456"": 39}"
amazon_vg,rounds_to_target,fednova,3,38.666666666666664,1.1547005383792517,35.798231513500355,41.535101819832974,"{""42"": 40, ""123"": 38, ""456"": 38}"
amazon_vg,rounds_to_target,fedadam,3,2.0,0.0,2.0,2.0,"{""42"": 2, ""123"": 2, ""456"": 2}"
amazon_vg,rounds_to_target,fedadagrad,3,1.0,0.0,1.0,1.0,"{""42"": 1, ""123"": 1, ""456"": 1}"
amazon_vg,rounds_to_target,fedyogi,3,2.0,0.0,2.0,2.0,"{""42"": 2, ""123"": 2, ""456"": 2}"
amazon_vg,total_bytes,centralized,3,0.0,0.0,0.0,0.0,"{""42"": 0, ""123"": 0, ""456"": 0}"
amazon_vg,total_bytes,local_only,3,0.0,0.0,0.0,0.0,"{""42"": 0, ""123"": 0, ""456"": 0}"
amazon_vg,total_bytes,fedavg,3,216904338000.0,0.0,216904338000.0,216904338000.0,"{""42"": 216904338000, ""123"": 216904338000, ""456"": 216904338000}"
amazon_vg,total_bytes,fedprox,3,216904338000.0,0.0,216904338000.0,216904338000.0,"{""42"": 216904338000, ""123"": 216904338000, ""456"": 216904338000}"
amazon_vg,total_bytes,fednova,3,216904338000.0,0.0,216904338000.0,216904338000.0,"{""42"": 216904338000, ""123"": 216904338000, ""456"": 216904338000}"
amazon_vg,total_bytes,scaffold,3,433808676000.0,0.0,433808676000.0,433808676000.0,"{""42"": 433808676000, ""123"": 433808676000, ""456"": 433808676000}"
amazon_vg,total_bytes,fedadam,3,216904338000.0,0.0,216904338000.0,216904338000.0,"{""42"": 216904338000, ""123"": 216904338000, ""456"": 216904338000}"
amazon_vg,total_bytes,fedadagrad,3,216904338000.0,0.0,216904338000.0,216904338000.0,"{""42"": 216904338000, ""123"": 216904338000, ""456"": 216904338000}"
amazon_vg,total_bytes,fedyogi,3,216904338000.0,0.0,216904338000.0,216904338000.0,"{""42"": 216904338000, ""123"": 216904338000, ""456"": 216904338000}"
amazon_vg,wall_s,centralized,3,2423.6444392086673,44.548500495767875,2312.9798291252023,2534.3090492921324,"{""42"": 2373.753533871, ""123"": 2459.4407936770003, ""456"": 2437.738990078001}"
amazon_vg,wall_s,local_only,3,2780.0269333886663,32.8397212203969,2698.448543461711,2861.6053233156217,"{""42"": 2784.110268651999, ""123"": 2810.6340340290008, ""456"": 2745.336497484999}"
amazon_vg,wall_s,fedavg,3,1328.5853410380005,147.58643667714134,961.9603079454616,1695.2103741305393,"{""42"": 1201.1099946079994, ""123"": 1294.372601643001, ""456"": 1490.273426863001}"
amazon_vg,wall_s,fedprox,3,1709.9421756816675,50.31789246157658,1584.9456014420675,1834.9387499212676,"{""42"": 1659.1759128679987, ""123"": 1759.7993795270013, ""456"": 1710.8512346500029}"
amazon_vg,wall_s,fednova,3,1603.116410612667,3.82831578921415,1593.606346988191,1612.6264742371432,"{""42"": 1607.3074877340005, ""123"": 1599.803433674002, ""456"": 1602.2383104299988}"
amazon_vg,wall_s,scaffold,3,3117.089877486999,269.5791215111568,2447.41821544061,3786.761539533388,"{""42"": 3245.238752002999, ""123"": 2807.340243628001, ""456"": 3298.690636829997}"
amazon_vg,wall_s,fedadam,3,1392.8896974683332,29.03404076198412,1320.7651418869923,1465.0142530496742,"{""42"": 1397.7099718460001, ""123"": 1361.7471876109998, ""456"": 1419.2119329479997}"
amazon_vg,wall_s,fedadagrad,3,1386.9194113886667,6.017435860863964,1371.9712720386558,1401.8675507386777,"{""42"": 1391.7082109519997, ""123"": 1380.1649561719996, ""456"": 1388.8850670420006}"
amazon_vg,wall_s,fedyogi,3,1400.0147262053335,14.26979356469317,1364.566593872387,1435.46285853828,"{""42"": 1385.8133685840003, ""123"": 1414.3519849860004, ""456"": 1399.8788250460002}"
amazon_vg,val_f1_last10_std,fedavg,3,0.0039159504182317215,0.00044674471109706123,0.0028061750338705055,0.005025725802592937,"{""42"": 0.004342988378874116, ""123"": 0.003451812659641646, ""456"": 0.003953050216179403}"
amazon_vg,val_f1_last10_std,fedprox,3,0.003760384180577775,0.00040862286167165106,0.0027453087200158877,0.0047754596411396615,"{""42"": 0.004218838319699821, ""123"": 0.003434526397358378, ""456"": 0.0036277878246751246}"
amazon_vg,val_f1_last10_std,fednova,3,0.010693689492480752,0.009583517921147356,-0.013113088786676523,0.034500467771638024,"{""42"": 0.005456298933146358, ""123"": 0.021754607278200416, ""456"": 0.004870162266095486}"
amazon_vg,val_f1_last10_std,scaffold,3,2.7755575615628914e-17,0.0,2.7755575615628914e-17,2.7755575615628914e-17,"{""42"": 2.7755575615628914e-17, ""123"": 2.7755575615628914e-17, ""456"": 2.7755575615628914e-17}"
amazon_vg,val_f1_last10_std,fedadam,3,0.007384687843247749,0.0017435625734045957,0.00305343830185694,0.01171593738463856,"{""42"": 0.008976537118573944, ""123"": 0.00765624733233308, ""456"": 0.005521279078836222}"
amazon_vg,val_f1_last10_std,fedadagrad,3,0.006446368844261356,0.004510453145490099,-0.004758217911533497,0.01765095560005621,"{""42"": 0.004598800991200463, ""123"": 0.011587267584134392, ""456"": 0.003153037957449213}"
amazon_vg,val_f1_last10_std,fedyogi,3,0.007573153806986858,0.0027952273279973888,0.0006294241885934351,0.014516883425380281,"{""42"": 0.00784640253410636, ""123"": 0.010221721926008714, ""456"": 0.004651336960845498}"
yelp_dir01,held_macro_f1,centralized,3,0.9477893189345892,4.5617926242696414e-05,0.9476759977236778,0.9479026401455005,"{""42"": 0.9478156174170045, ""123"": 0.9477366439098767, ""456"": 0.9478156954768864}"
yelp_dir01,held_macro_f1,fedavg,3,0.6053891013024738,0.23288140571608437,0.026879618997719734,1.183898583607228,"{""42"": 0.6515013737915747, ""123"": 0.8117648566351792, ""456"": 0.3529010734806675}"
yelp_dir01,held_macro_f1,fedprox,3,0.6044527620142742,0.23092309863748775,0.030807984174649694,1.1780975398538986,"{""42"": 0.6575819481712935, ""123"": 0.8041809984024946, ""456"": 0.35159533946903476}"
yelp_dir01,held_macro_f1,fednova,3,0.6061416662787512,0.23330651946653075,0.026576142874729758,1.1857071896827727,"{""42"": 0.6517142317188704, ""123"": 0.8132994810802223, ""456"": 0.3534112860371609}"
yelp_dir01,held_macro_f1,scaffold,3,0.8857800627827661,0.0018524639781794792,0.8811782871549114,0.8903818384106208,"{""42"": 0.886082177880865, ""123"": 0.8874628993530915, ""456"": 0.8837951111143416}"
yelp_dir01,held_macro_f1,fedadam,3,0.9427775605895471,0.0030429721327882337,0.9352183987586825,0.9503367224204117,"{""42"": 0.9393655200140018, ""123"": 0.9452103296193552, ""456"": 0.943756832135284}"
yelp_dir01,held_macro_f1,fedadagrad,3,0.9497458063881373,0.004255093079305198,0.9391755692028274,0.9603160435734472,"{""42"": 0.9481004262282118, ""123"": 0.9545779054283514, ""456"": 0.9465590875078488}"
yelp_dir01,held_macro_f1,fedyogi,3,0.9423655506213461,0.0028265150422680987,0.9353440980120183,0.9493870032306738,"{""42"": 0.9391816243691749, ""123"": 0.9445789214233731, ""456"": 0.9433361060714904}"
yelp_dir01,held_accuracy,centralized,3,0.9477894736842104,4.5580284409651673e-05,0.947676245980796,0.9479027013876248,"{""42"": 0.9478157894736842, ""123"": 0.9477368421052632, ""456"": 0.9478157894736842}"
yelp_dir01,held_accuracy,fedavg,3,0.66990350877193,0.15383411563722577,0.2877583807637362,1.0520486367801236,"{""42"": 0.6853684210526316, ""123"": 0.8154210526315789, ""456"": 0.5089210526315789}"
yelp_dir01,held_accuracy,fedprox,3,0.6688596491228069,0.15115922411207447,0.2933593200270829,1.0443599782185309,"{""42"": 0.6898157894736842, ""123"": 0.8084473684210526, ""456"": 0.5083157894736842}"
yelp_dir01,held_accuracy,fednova,3,0.6705,0.15437839121175664,0.28700281651152953,1.0539971834884705,"{""42"": 0.6855263157894737, ""123"": 0.8168157894736842, ""456"": 0.5091578947368421}"
yelp_dir01,held_accuracy,scaffold,3,0.8859298245614035,0.001751598663013204,0.8815786122667609,0.890281036856046,"{""42"": 0.8862894736842105, ""123"": 0.8874736842105263, ""456"": 0.8840263157894737}"
yelp_dir01,held_accuracy,fedadam,3,0.9427982456140351,0.0030129376308062655,0.9353136936221976,0.9502827976058726,"{""42"": 0.9394210526315789, ""123"": 0.9452105263157895, ""456"": 0.9437631578947369}"
yelp_dir01,held_accuracy,fedadagrad,3,0.9497719298245615,0.0042323720562505085,0.9392581347894713,0.9602857248596517,"{""42"": 0.9481315789473684, ""123"": 0.9545789473684211, ""456"": 0.9466052631578947}"
yelp_dir01,held_accuracy,fedyogi,3,0.9423859649122807,0.0027964576590030015,0.9354391789822383,0.949332750842323,"{""42"": 0.9392368421052631, ""123"": 0.9445789473684211, ""456"": 0.9433421052631579}"
yelp_dir01,ct_macro_f1,centralized,3,0.9468868118098058,0.00010459781363561578,0.9466269764363869,0.9471466471832247,"{""42"": 0.9469284576361445, ""123"": 0.9469641719984352, ""456"": 0.9467678057948381}"
yelp_dir01,ct_macro_f1,local_only,3,0.9641557248639095,0.013206988265744391,0.9313477472543298,0.9969637024734893,"{""42"": 0.9492069279101988, ""123"": 0.9690177219016567, ""456"": 0.9742425247798733}"
yelp_dir01,ct_macro_f1,fedavg,3,0.6050988645042232,0.2329745892103102,0.026357901567350073,1.1838398274410964,"{""42"": 0.6498917451926143, ""123"": 0.8124247730889891, ""456"": 0.35298007523106645}"
yelp_dir01,ct_macro_f1,fedprox,3,0.6042124733911477,0.2306578520916443,0.031226604498964305,1.1771983422833312,"{""42"": 0.6575348400658181, ""123"": 0.8035393177028229, ""456"": 0.3515632624048023}"
yelp_dir01,ct_macro_f1,fednova,3,0.6057851962761038,0.23354595748881807,0.025624875851291473,1.185945516700916,"{""42"": 0.6500123650488931, ""123"": 0.8140553839226504, ""456"": 0.353287839856768}"
yelp_dir01,ct_macro_f1,scaffold,3,0.8875937266620939,0.0022994102384346076,0.8818816749740137,0.8933057783501741,"{""42"": 0.8881605284956287, ""123"": 0.8895567315870532, ""456"": 0.8850639199035997}"
yelp_dir01,ct_macro_f1,fedadam,3,0.9416577866223345,0.003502953154474608,0.9329559685888094,0.9503596046558596,"{""42"": 0.9376766512086248, ""123"": 0.9442677099747787, ""456"": 0.9430289986835999}"
yelp_dir01,ct_macro_f1,fedadagrad,3,0.9479366649827149,0.004349486591722679,0.9371319413134642,0.9587413886519656,"{""42"": 0.9473443535910455, ""123"": 0.9525519535803075, ""456"": 0.9439136877767913}"
yelp_dir01,ct_macro_f1,fedyogi,3,0.9412057644920488,0.0034153730470724156,0.9327215075061206,0.9496900214779771,"{""42"": 0.9373199894763891, ""123"": 0.9437320364755244, ""456"": 0.9425652675242331}"
yelp_dir01,val_macro_f1,centralized,3,0.9440591927901766,8.254014448302622e-05,0.943854151704533,0.9442642338758201,"{""42"": 0.9441067834723156, ""123"": 0.943963883669446, ""456"": 0.9441069112287686}"
yelp_dir01,val_macro_f1,local_only,3,0.9636086354638961,0.013850172474405155,0.9292028997059798,0.9980143712218124,"{""42"": 0.9479765430197187, ""123"": 0.9684996958854568, ""456"": 0.9743496674865126}"
yelp_dir01,val_macro_f1,fedavg,3,0.6033191271618893,0.2331413396723436,0.02416393311382725,1.1824743212099513,"{""42"": 0.6470498718063747, ""123"": 0.8114985347061852, ""456"": 0.35140897497310797}"
yelp_dir01,val_macro_f1,fedprox,3,0.6025919647704112,0.23104029809766133,0.02865604733197258,1.1765278822088499,"{""42"": 0.6544831554799264, ""123"": 0.8032740323125687, ""456"": 0.3500187065187386}"
yelp_dir01,val_macro_f1,fednova,3,0.604042746083197,0.23362920977246127,0.023675615520997284,1.1844098766453968,"{""42"": 0.6471225946448572, ""123"": 0.8131339182417521, ""456"": 0.35187172536298156}"
yelp_dir01,val_macro_f1,scaffold,3,0.8853546308048434,0.0028638923298825326,0.8782403278657898,0.8924689337438971,"{""42"": 0.8853458400771079, ""123"": 0.888222908379887, ""456"": 0.8824951439575354}"
yelp_dir01,val_macro_f1,fedadam,3,0.939113388876979,0.002003505144117608,0.9341364061927907,0.9440903715611674,"{""42"": 0.9368999594081091, ""123"": 0.9408028388448255, ""456"": 0.9396373683780028}"
yelp_dir01,val_macro_f1,fedadagrad,3,0.9471488986080678,0.003983658179719794,0.9372529430931033,0.9570448541230324,"{""42"": 0.9462690719064722, ""123"": 0.9514989220882888, ""456"": 0.9436787018294424}"
yelp_dir01,val_macro_f1,fedyogi,3,0.9387211749399995,0.0018850396575926572,0.9340384768384287,0.9434038730415704,"{""42"": 0.936614962522256, ""123"": 0.9402499663906061, ""456"": 0.9392985959071363}"
yelp_dir01,ct_client_min5_f1_mean,centralized,3,0.8752411032295448,0.006571871307760625,0.8589156698771667,0.891566536581923,"{""42"": 0.8782460428250763, ""123"": 0.8677039631005868, ""456"": 0.8797733037629715}"
yelp_dir01,ct_client_min5_f1_mean,local_only,3,0.7879657224968927,0.019772677045523334,0.738847669785848,0.8370837752079373,"{""42"": 0.7725917147945378, ""123"": 0.7810346323231121, ""456"": 0.8102708203730282}"
yelp_dir01,ct_client_min5_f1_mean,fedavg,3,0.6252510016745982,0.16531989652851095,0.21457361220546167,1.035928391143735,"{""42"": 0.6644028545512785, ""123"": 0.7674805680368415, ""456"": 0.44386958243567465}"
yelp_dir01,ct_client_min5_f1_mean,fedprox,3,0.6245183627981169,0.1638645878288688,0.21745616055199973,1.031580565044234,"{""42"": 0.6696455334302444, ""123"": 0.7610907476377009, ""456"": 0.4428188073264055}"
yelp_dir01,ct_client_min5_f1_mean,fednova,3,0.625683767417916,0.16561828730188002,0.214265134175815,1.037102400660017,"{""42"": 0.6644941870680913, ""123"": 0.7684504743470587, ""456"": 0.44410664083859785}"
yelp_dir01,ct_client_min5_f1_mean,scaffold,3,0.8244933621782676,0.006256608064589874,0.8089510861373786,0.8400356382191566,"{""42"": 0.8299409935086193, ""123"": 0.8176600904492898, ""456"": 0.825879002576894}"
yelp_dir01,ct_client_min5_f1_mean,fedadam,3,0.8721999646876174,0.006411601196935334,0.8562726643616068,0.888127265013628,"{""42"": 0.8748992521302109, ""123"": 0.8648800600519856, ""456"": 0.8768205818806554}"
yelp_dir01,ct_client_min5_f1_mean,fedadagrad,3,0.8802924277012222,0.004254491711497511,0.869723684396362,0.8908611710060823,"{""42"": 0.8849361006709866, ""123"": 0.8765820935621791, ""456"": 0.8793590888705006}"
yelp_dir01,ct_client_min5_f1_mean,fedyogi,3,0.8719566251946079,0.006081882162633191,0.8568483923559892,0.8870648580332267,"{""42"": 0.874411841276552, ""123"": 0.8650309274620481, ""456"": 0.8764271068452235}"
yelp_dir01,ct_client_min5_f1_p10,centralized,3,0.5692782227090359,0.028227193734091483,0.4991579862572967,0.6393984591607752,"{""42"": 0.556115111345076, ""123"": 0.55003684593715, ""456"": 0.6016827108448819}"
yelp_dir01,ct_client_min5_f1_p10,local_only,3,0.4784286032816311,0.007967358750546955,0.45863658694635345,0.4982206196169088,"{""42"": 0.47401125957558415, ""123"": 0.47364841890513437, ""456"": 0.4876261313641747}"
yelp_dir01,ct_client_min5_f1_p10,fedavg,3,0.3006538120877518,0.25139755933143915,-0.32385234568946725,0.9251599698649708,"{""42"": 0.35190272457533267, ""123"": 0.5224781274400934, ""456"": 0.02758058424782945}"
yelp_dir01,ct_client_min5_f1_p10,fedprox,3,0.3018800789405314,0.25421725288641284,-0.32963058593217726,0.93339074381324,"{""42"": 0.35943666443016364, ""123"": 0.5223844395536964, ""456"": 0.02381913283773425}"
yelp_dir01,ct_client_min5_f1_p10,fednova,3,0.30067673460808203,0.2514278996676094,-0.32390479274240486,0.925258261958569,"{""42"": 0.35190272457533267, ""123"": 0.522546895001084, ""456"": 0.02758058424782945}"
yelp_dir01,ct_client_min5_f1_p10,scaffold,3,0.5169726220866334,0.011711517383229182,0.48787960009313425,0.5460656440801326,"{""42"": 0.5169220550271617, ""123"": 0.5052864701088385, ""456"": 0.5287093411239}"
yelp_dir01,ct_client_min5_f1_p10,fedadam,3,0.5729785931888448,0.02459180503590799,0.5118891628991341,0.6340680234785555,"{""42"": 0.5712996785313114, ""123"": 0.5492692662482501, ""456"": 0.5983668347869731}"
yelp_dir01,ct_client_min5_f1_p10,fedadagrad,3,0.609603722422709,0.0075181864055210166,0.5909275120487856,0.6282799327966324,"{""42"": 0.6092300190118393, ""123"": 0.6022793567735009, ""456"": 0.6173017914827867}"
yelp_dir01,ct_client_min5_f1_p10,fedyogi,3,0.572341345577475,0.02785575428030462,0.5031438158805196,0.6415388752744303,"{""42"": 0.5709059890617452, ""123"": 0.5452310188712884, ""456"": 0.6008870287993914}"
yelp_dir01,ct_client_min5_f1_worst,centralized,3,0.5016021403026504,0.014040219026584946,0.4667243027374762,0.5364799778678245,"{""42"": 0.506384703736234, ""123"": 0.5126262626262627, ""456"": 0.48579545454545453}"
yelp_dir01,ct_client_min5_f1_worst,local_only,3,0.43117895526626865,0.004427935082593078,0.42017935474241686,0.44217855579012044,"{""42"": 0.43174924165824063, ""123"": 0.43529411764705883, ""456"": 0.42649350649350654}"
yelp_dir01,ct_client_min5_f1_worst,fedavg,3,0.22922173639003252,0.20299726491392114,-0.27505142476481115,0.7334948975448762,"{""42"": 0.2643607337907856, ""123"": 0.41235557026982284, ""456"": 0.010948905109489052}"
yelp_dir01,ct_client_min5_f1_worst,fedprox,3,0.22902002153349973,0.19976673565504435,-0.2672280600604552,0.7252681031274547,"{""42"": 0.27293653636753784, ""123"": 0.4031746231234722, ""456"": 0.010948905109489052}"
yelp_dir01,ct_client_min5_f1_worst,fednova,3,0.22922173639003252,0.20299726491392114,-0.27505142476481115,0.7334948975448762,"{""42"": 0.2643607337907856, ""123"": 0.41235557026982284, ""456"": 0.010948905109489052}"
yelp_dir01,ct_client_min5_f1_worst,scaffold,3,0.47182606820369055,0.00942075793050277,0.4484236081552576,0.4952285282521235,"{""42"": 0.4720798843778741, ""123"": 0.4811173533083645, ""456"": 0.462280966924833}"
yelp_dir01,ct_client_min5_f1_worst,fedadam,3,0.4973470139857807,0.0097217718068022,0.4731967940154722,0.5214972339560892,"{""42"": 0.4981420765027323, ""123"": 0.5066468408087175, ""456"": 0.4872521246458923}"
yelp_dir01,ct_client_min5_f1_worst,fedadagrad,3,0.5044652980587963,0.009295538296135351,0.481373900826347,0.5275566952912455,"{""42"": 0.5047037777543933, ""123"": 0.5136393018745959, ""456"": 0.49505281454739936}"
yelp_dir01,ct_client_min5_f1_worst,fedyogi,3,0.4973470139857807,0.0097217718068022,0.4731967940154722,0.5214972339560892,"{""42"": 0.4981420765027323, ""123"": 0.5066468408087175, ""456"": 0.4872521246458923}"
yelp_dir01,ct_client_min5_f1_std,centralized,3,0.15403356985040725,0.0036315177445444937,0.1450123796702938,0.16305476003052072,"{""42"": 0.15276417352509583, ""123"": 0.15812939439849097, ""456"": 0.15120714162763496}"
yelp_dir01,ct_client_min5_f1_std,local_only,3,0.24874849146504283,0.003531753896767151,0.23997512842146237,0.2575218545086233,"{""42"": 0.2482713937829008, ""123"": 0.2524945421148947, ""456"": 0.24547953849733298}"
yelp_dir01,ct_client_min5_f1_std,fedavg,3,0.27294415481728646,0.13818775083487855,-0.07033324833359356,0.6162215579681665,"{""42"": 0.22396658862593072, ""123"": 0.1659158173990138, ""456"": 0.42895005842691497}"
yelp_dir01,ct_client_min5_f1_std,fedprox,3,0.2725896369537859,0.13875480096308485,-0.07209639680502417,0.6172756707125959,"{""42"": 0.22009725138788747, ""123"": 0.1677392741622042, ""456"": 0.4299323853112661}"
yelp_dir01,ct_client_min5_f1_std,fednova,3,0.27284803994383183,0.13808384696115228,-0.07017125167592775,0.6158673315635914,"{""42"": 0.22390658182955983, ""123"": 0.16590073732407945, ""456"": 0.42873680067785624}"
yelp_dir01,ct_client_min5_f1_std,scaffold,3,0.16612420714531437,0.0063828107724546515,0.1502684261984935,0.18197998809213523,"{""42"": 0.1587907963907797, ""123"": 0.16915366187650957, ""456"": 0.1704281631686539}"
yelp_dir01,ct_client_min5_f1_std,fedadam,3,0.15428441955554764,0.004600761132157045,0.14285549532440117,0.1657133437866941,"{""42"": 0.15082923663215003, ""123"": 0.1595067622558274, ""456"": 0.1525172597786655}"
yelp_dir01,ct_client_min5_f1_std,fedadagrad,3,0.14950153726441753,0.001810842331304847,0.14500315553918927,0.1539999189896458,"{""42"": 0.14835097026609734, ""123"": 0.15158887123747986, ""456"": 0.14856477028967544}"
yelp_dir01,ct_client_min5_f1_std,fedyogi,3,0.15403505462297643,0.003927121937858921,0.14427954291849904,0.1637905663274538,"{""42"": 0.15095888435161017, ""123"": 0.15845847666463514, ""456"": 0.15268780285268405}"
yelp_dir01,rounds_to_target,fedavg,3,16.333333333333332,9.291573243177568,-6.7482141615343885,39.41488082820105,"{""42"": 10, ""123"": 27, ""456"": 12}"
yelp_dir01,rounds_to_target,fedprox,3,12.0,2.0,7.0317245764993395,16.96827542350066,"{""42"": 10, ""123"": 14, ""456"": 12}"
yelp_dir01,rounds_to_target,fednova,3,16.333333333333332,9.291573243177568,-6.7482141615343885,39.41488082820105,"{""42"": 10, ""123"": 27, ""456"": 12}"
yelp_dir01,rounds_to_target,scaffold,3,6.333333333333333,4.932882862316247,-5.920627012593369,18.587293679260036,"{""42"": 4, ""123"": 3, ""456"": 12}"
yelp_dir01,rounds_to_target,fedadam,3,4.666666666666667,1.5275252316519465,0.8720836330699075,8.461249700263426,"{""42"": 3, ""123"": 5, ""456"": 6}"
yelp_dir01,rounds_to_target,fedadagrad,3,4.0,0.0,4.0,4.0,"{""42"": 4, ""123"": 4, ""456"": 4}"
yelp_dir01,rounds_to_target,fedyogi,3,4.666666666666667,1.5275252316519465,0.8720836330699075,8.461249700263426,"{""42"": 3, ""123"": 5, ""456"": 6}"
yelp_dir01,total_bytes,centralized,3,0.0,0.0,0.0,0.0,"{""42"": 0, ""123"": 0, ""456"": 0}"
yelp_dir01,total_bytes,local_only,3,0.0,0.0,0.0,0.0,"{""42"": 0, ""123"": 0, ""456"": 0}"
yelp_dir01,total_bytes,fedavg,3,1000020000.0,0.0,1000020000.0,1000020000.0,"{""42"": 1000020000, ""123"": 1000020000, ""456"": 1000020000}"
yelp_dir01,total_bytes,fedprox,3,1000020000.0,0.0,1000020000.0,1000020000.0,"{""42"": 1000020000, ""123"": 1000020000, ""456"": 1000020000}"
yelp_dir01,total_bytes,fednova,3,1000020000.0,0.0,1000020000.0,1000020000.0,"{""42"": 1000020000, ""123"": 1000020000, ""456"": 1000020000}"
yelp_dir01,total_bytes,scaffold,3,2000040000.0,0.0,2000040000.0,2000040000.0,"{""42"": 2000040000, ""123"": 2000040000, ""456"": 2000040000}"
yelp_dir01,total_bytes,fedadam,3,1000020000.0,0.0,1000020000.0,1000020000.0,"{""42"": 1000020000, ""123"": 1000020000, ""456"": 1000020000}"
yelp_dir01,total_bytes,fedadagrad,3,1000020000.0,0.0,1000020000.0,1000020000.0,"{""42"": 1000020000, ""123"": 1000020000, ""456"": 1000020000}"
yelp_dir01,total_bytes,fedyogi,3,1000020000.0,0.0,1000020000.0,1000020000.0,"{""42"": 1000020000, ""123"": 1000020000, ""456"": 1000020000}"
yelp_dir01,wall_s,centralized,3,631.5820648383342,34.48214090503178,545.9236782342562,717.2404514424122,"{""42"": 662.6297489590033, ""123"": 637.6463913999978, ""456"": 594.4700541560014}"
yelp_dir01,wall_s,local_only,3,466.101432449667,15.381499322946594,427.89166991827324,504.3111949810608,"{""42"": 460.9577247080015, ""123"": 453.9509487200012, ""456"": 483.39562392099833}"
yelp_dir01,wall_s,fedavg,3,580.1431173513325,3.0423834085283534,572.5854179926038,587.7008167100613,"{""42"": 582.2471944709978, ""123"": 581.5274164959992, ""456"": 576.6547410870007}"
yelp_dir01,wall_s,fedprox,3,658.5661648719991,33.397922664809734,575.6011256862242,741.5312040577741,"{""42"": 623.3959590869999, ""123"": 689.8521329599971, ""456"": 662.4504025690003}"
yelp_dir01,wall_s,fednova,3,698.0173735240011,12.40837222871526,667.193268129214,728.8414789187882,"{""42"": 689.8697025630026, ""123"": 712.2980348970013, ""456"": 691.8843831119993}"
yelp_dir01,wall_s,scaffold,3,695.418770540667,18.404760957372492,649.6988097707078,741.1387313106261,"{""42"": 714.2572743650016, ""123"": 694.5182219419985, ""456"": 677.4808153150007}"
yelp_dir01,wall_s,fedadam,3,632.1264939059996,44.4803407046879,521.6312021299811,742.6217856820181,"{""42"": 683.3965158459978, ""123"": 603.8383061780005, ""456"": 609.1446596940004}"
yelp_dir01,wall_s,fedadagrad,3,665.6360843680001,52.68227922895219,534.7660477943988,796.5061209416014,"{""42"": 607.566177542998, ""123"": 678.9759116020032, ""456"": 710.3661639589991}"
yelp_dir01,wall_s,fedyogi,3,668.8861111300006,31.74468863354718,590.027932947634,747.7442893123672,"{""42"": 683.2436122969993, ""123"": 690.9156106930022, ""456"": 632.4991104000001}"
yelp_dir01,val_f1_last10_std,fedavg,3,0.15540813349930868,0.0399402613050501,0.05619102417427127,0.25462524282434607,"{""42"": 0.11212902974700313, ""123"": 0.16324863262124817, ""456"": 0.19084673812967473}"
yelp_dir01,val_f1_last10_std,fedprox,3,0.1527181328173581,0.03004063499328433,0.07809305854561388,0.22734320708910233,"{""42"": 0.12254307029451325, ""123"": 0.1529888171771438, ""456"": 0.18262251098041726}"
yelp_dir01,val_f1_last10_std,fednova,3,0.15546602937167708,0.039130073961489716,0.05826153698036084,0.2526705217629933,"{""42"": 0.11331518974164179, ""123"": 0.1624473820982373, ""456"": 0.19063551627515218}"
yelp_dir01,val_f1_last10_std,scaffold,3,0.007351193623178451,0.0028720538010260713,0.00021661646587370874,0.014485770780483194,"{""42"": 0.004191854204144893, ""123"": 0.008057579952288946, ""456"": 0.009804146713101515}"
yelp_dir01,val_f1_last10_std,fedadam,3,0.001973630884137765,0.0010009912515941135,-0.0005129692330793352,0.004460231001354864,"{""42"": 0.002815131219129677, ""123"": 0.0022390959710804756, ""456"": 0.0008666654622031417}"
yelp_dir01,val_f1_last10_std,fedadagrad,3,0.004717938539034366,0.0029011452067947666,-0.002488905676428223,0.011924782754496956,"{""42"": 0.0016996304310009961, ""123"": 0.004968519736739881, ""456"": 0.007485665449362223}"
yelp_dir01,val_f1_last10_std,fedyogi,3,0.0019182163046409532,0.0009139583877968479,-0.00035218219345572945,0.004188614802737636,"{""42"": 0.002378438433760679, ""123"": 0.0025105811537257353, ""456"": 0.0008656293264364454}"
yelp_iid,held_macro_f1,centralized,3,0.9477893189345892,4.5617926242696414e-05,0.9476759977236778,0.9479026401455005,"{""42"": 0.9478156174170045, ""123"": 0.9477366439098767, ""456"": 0.9478156954768864}"
yelp_iid,held_macro_f1,fedavg,3,0.9019110748830567,0.00027967433725194473,0.9012163253148803,0.902605824451233,"{""42"": 0.9016566164771709, ""123"": 0.9022105130424242, ""456"": 0.9018660951295747}"
yelp_iid,held_macro_f1,fedprox,3,0.901340880666322,0.00020979908617713364,0.9008197108444587,0.9018620504881854,"{""42"": 0.9011829633376086, ""123"": 0.9015789375535783, ""456"": 0.9012607411077795}"
yelp_iid,held_macro_f1,fednova,3,0.9019198653786008,0.00026784157052953117,0.9012545100324739,0.9025852207247277,"{""42"": 0.9016829879638033, ""123"": 0.9022105130424242, ""456"": 0.9018660951295747}"
yelp_iid,held_macro_f1,scaffold,3,0.901612478548968,0.0001723954347232961,0.9011842245482382,0.9020407325496977,"{""42"": 0.9014450827523381, ""123"": 0.9017894725960053, ""456"": 0.9016028802985603}"
yelp_iid,held_macro_f1,fedadam,3,0.9537451546526379,0.0005389550117993376,0.9524063161828903,0.9550839931223855,"{""42"": 0.9532104843218752, ""123"": 0.9537366851175604, ""456"": 0.9542882945184781}"
yelp_iid,held_macro_f1,fedadagrad,3,0.9540349454048401,0.00017904082999740752,0.9535901833271004,0.9544797074825798,"{""42"": 0.953973667349079, ""123"": 0.9538945892026182, ""456"": 0.9542365796628229}"
yelp_iid,held_macro_f1,fedyogi,3,0.9547104899694845,0.00023681701126647485,0.9541222039010134,0.9552987760379555,"{""42"": 0.9544736739954782, ""123"": 0.9547104878949776, ""456"": 0.9549473080179975}"
yelp_iid,held_accuracy,centralized,3,0.9477894736842104,4.5580284409651673e-05,0.947676245980796,0.9479027013876248,"{""42"": 0.9478157894736842, ""123"": 0.9477368421052632, ""456"": 0.9478157894736842}"
yelp_iid,held_accuracy,fedavg,3,0.9019122807017542,0.0002789142648348166,0.901219419258133,0.9026051421453755,"{""42"": 0.9016578947368421, ""123"": 0.9022105263157895, ""456"": 0.9018684210526315}"
yelp_iid,held_accuracy,fedprox,3,0.9013421052631579,0.00020887510350507517,0.9008232307414953,0.9018609797848206,"{""42"": 0.9011842105263158, ""123"": 0.901578947368421, ""456"": 0.9012631578947369}"
yelp_iid,held_accuracy,fednova,3,0.9019210526315788,0.0002670760938182295,0.901257598835018,0.9025845064281397,"{""42"": 0.9016842105263158, ""123"": 0.9022105263157895, ""456"": 0.9018684210526315}"
yelp_iid,held_accuracy,scaffold,3,0.9016140350877193,0.0001712212394380565,0.9011886979497786,0.90203937222566,"{""42"": 0.9014473684210527, ""123"": 0.9017894736842105, ""456"": 0.9016052631578947}"
yelp_iid,held_accuracy,fedadam,3,0.9537456140350877,0.0005395271689362114,0.9524053542482194,0.9550858738219561,"{""42"": 0.9532105263157895, ""123"": 0.9537368421052631, ""456"": 0.9542894736842106}"
yelp_iid,held_accuracy,fedadagrad,3,0.9540350877192982,0.00017912787593564526,0.9535901094074608,0.9544800660311357,"{""42"": 0.9539736842105263, ""123"": 0.9538947368421052, ""456"": 0.9542368421052632}"
yelp_iid,held_accuracy,fedyogi,3,0.9547105263157895,0.00023684210526314642,0.9541221779103749,0.955298874721204,"{""42"": 0.9544736842105264, ""123"": 0.9547105263157895, ""456"": 0.9549473684210527}"
yelp_iid,ct_macro_f1,centralized,3,0.9468868118098058,0.00010459781363561578,0.9466269764363869,0.9471466471832247,"{""42"": 0.9469284576361445, ""123"": 0.9469641719984352, ""456"": 0.9467678057948381}"
yelp_iid,ct_macro_f1,local_only,3,0.8462358025164396,0.0038727321792390986,0.8366154024624827,0.8558562025703965,"{""42"": 0.842139447654255, ""123"": 0.846730608721969, ""456"": 0.8498373511730947}"
yelp_iid,ct_macro_f1,fedavg,3,0.9042191949084072,0.00016666918573120576,0.9038051656987456,0.9046332241180688,"{""42"": 0.9041061299781408, ""123"": 0.9044106008647468, ""456"": 0.9041408538823341}"
yelp_iid,ct_macro_f1,fedprox,3,0.9038799128261735,0.00018803292521662142,0.9034128131455922,0.9043470125067549,"{""42"": 0.9036954446128, ""123"": 0.9040713184492176, ""456"": 0.9038729754165029}"
yelp_iid,ct_macro_f1,fednova,3,0.9042073014486366,0.0001795409948692591,0.9037612968924766,0.9046533060047965,"{""42"": 0.9040704810227105, ""123"": 0.9044106008647468, ""456"": 0.9041408224584522}"
yelp_iid,ct_macro_f1,scaffold,3,0.9042131244186633,3.4879824259212204e-05,0.9041264781318418,0.9042997707054848,"{""42"": 0.9042482994302568, ""123"": 0.9041785474732082, ""456"": 0.9042125263525248}"
yelp_iid,ct_macro_f1,fedadam,3,0.9519339822773604,0.0003046012223726443,0.9511773108938192,0.9526906536609016,"{""42"": 0.9519106233667366, ""123"": 0.9522495904671509, ""456"": 0.9516417329981937}"
yelp_iid,ct_macro_f1,fedadagrad,3,0.9531009156211544,0.00025048778503980056,0.9524786694680042,0.9537231617743046,"{""42"": 0.9533035326984975, ""123"": 0.9531783635381166, ""456"": 0.9528208506268487}"
yelp_iid,ct_macro_f1,fedyogi,3,0.9532618488535691,0.0002424395366632401,0.9526595956577247,0.9538641020494135,"{""42"": 0.9530357142857143, ""123"": 0.9535178297367561, ""456"": 0.9532320025382373}"
yelp_iid,val_macro_f1,centralized,3,0.9440591927901766,8.254014448302622e-05,0.943854151704533,0.9442642338758201,"{""42"": 0.9441067834723156, ""123"": 0.943963883669446, ""456"": 0.9441069112287686}"
yelp_iid,val_macro_f1,local_only,3,0.8462635524269814,0.0027523032734346644,0.8394264520712684,0.8531006527826943,"{""42"": 0.8431218493689526, ""123"": 0.8474191332848189, ""456"": 0.8482496746271722}"
yelp_iid,val_macro_f1,fedavg,3,0.901825381682189,5.596029976985285e-05,0.9016863685911698,0.9019643947732081,"{""42"": 0.9018014709006599, ""123"": 0.9017853489873439, ""456"": 0.9018893251585628}"
yelp_iid,val_macro_f1,fedprox,3,0.9013669548923776,9.665572679105922e-05,0.9011268487563993,0.901607061028356,"{""42"": 0.9013728575958011, ""123"": 0.9012674830864051, ""456"": 0.9014605239949269}"
yelp_iid,val_macro_f1,fednova,3,0.901825410016567,3.563299741896055e-05,0.9017368927438959,0.9019139272892381,"{""42"": 0.9018373136647315, ""123"": 0.9017853489873439, ""456"": 0.9018535673976256}"
yelp_iid,val_macro_f1,scaffold,3,0.9016644711117966,0.0001744629024456851,0.9012310812365298,0.9020978609870633,"{""42"": 0.9017825071839081, ""123"": 0.9014640744401903, ""456"": 0.9017468317112914}"
yelp_iid,val_macro_f1,fedadam,3,0.9512493920941418,0.00022325925668930814,0.9506947853551025,0.9518039988331811,"{""42"": 0.9512320958153986, ""123"": 0.9510352840332548, ""456"": 0.9514807964337721}"
yelp_iid,val_macro_f1,fedadagrad,3,0.9522380199586241,2.7361064815527075e-05,0.9521700513056822,0.952305988611566,"{""42"": 0.9522678553011513, ""123"": 0.9522321032384249, ""456"": 0.9522141013362966}"
yelp_iid,val_macro_f1,fedyogi,3,0.9516844121092257,0.00012659923052850384,0.9513699221863913,0.9519989020320602,"{""42"": 0.9515714013303418, ""123"": 0.9516606131521947, ""456"": 0.9518212218451406}"
yelp_iid,ct_client_min5_f1_mean,centralized,3,0.9467835643139241,0.00010232103754167868,0.9465293847658613,0.9470377438619868,"{""42"": 0.9468415422393468, ""123"": 0.9468437297949963, ""456"": 0.9466654209074291}"
yelp_iid,ct_client_min5_f1_mean,local_only,3,0.8451512306310408,0.004159622120756723,0.8348181564542382,0.8554843048078434,"{""42"": 0.8408172056347964, ""123"": 0.8455253051250938, ""456"": 0.8491111811332321}"
yelp_iid,ct_client_min5_f1_mean,fedavg,3,0.903989621935365,0.00015898597726975353,0.9035946788735898,0.9043845649971403,"{""42"": 0.9038436402736234, ""123"": 0.9041590158615948, ""456"": 0.9039662096708767}"
yelp_iid,ct_client_min5_f1_mean,fedprox,3,0.9036536314878058,0.00019470350638917195,0.9031699611649744,0.9041373018106371,"{""42"": 0.9034381793631799, ""123"": 0.9038169879545385, ""456"": 0.9037057271456987}"
yelp_iid,ct_client_min5_f1_mean,fednova,3,0.9039790440195051,0.00017328082675508656,0.9035485905830395,0.9044094974559708,"{""42"": 0.903812708703435, ""123"": 0.904158521941229, ""456"": 0.9039659014138514}"
yelp_iid,ct_client_min5_f1_mean,scaffold,3,0.9039860655983,6.0125501878408804e-05,0.9038367055716459,0.9041354256249541,"{""42"": 0.9039922395302216, ""123"": 0.9039230913390326, ""456"": 0.904042865925646}"
yelp_iid,ct_client_min5_f1_mean,fedadam,3,0.951838996308697,0.0002902569007145905,0.951117958195536,0.9525600344218579,"{""42"": 0.9518496036062523, ""123"": 0.9521238041597627, ""456"": 0.951543581160076}"
yelp_iid,ct_client_min5_f1_mean,fedadagrad,3,0.9530005410497258,0.0002645648103698466,0.9523433256270839,0.9536577564723676,"{""42"": 0.953221247100437, ""123"": 0.9530731119655879, ""456"": 0.9527072640831524}"
yelp_iid,ct_client_min5_f1_mean,fedyogi,3,0.9531459892956313,0.00025986067350175176,0.9525004595967848,0.9537915189944779,"{""42"": 0.9529118421480163, ""123"": 0.9534255710371738, ""456"": 0.9531005547017039}"
yelp_iid,ct_client_min5_f1_p10,centralized,3,0.9342538530968681,0.001636168145865413,0.9301893861029593,0.938318320090777,"{""42"": 0.9327677628676838, ""123"": 0.9360071942446044, ""456"": 0.933986602178316}"
yelp_iid,ct_client_min5_f1_p10,local_only,3,0.8181180879563238,0.0036542093529504578,0.8090405286960288,0.8271956472166188,"{""42"": 0.8170259223713656, ""123"": 0.8221938487435306, ""456"": 0.8151344927540751}"
yelp_iid,ct_client_min5_f1_p10,fedavg,3,0.8868890739362314,0.0006671469439751674,0.8852317890534237,0.8885463588190391,"{""42"": 0.8862689285993994, ""123"": 0.8868033564256894, ""456"": 0.8875949367836053}"
yelp_iid,ct_client_min5_f1_p10,fedprox,3,0.8869905678932746,0.0005358778800001019,0.8856593734426735,0.8883217623438756,"{""42"": 0.886573410470529, ""123"": 0.8868033564256894, ""456"": 0.8875949367836053}"
yelp_iid,ct_client_min5_f1_p10,fednova,3,0.8868890739362314,0.0006671469439751674,0.8852317890534237,0.8885463588190391,"{""42"": 0.8862689285993994, ""123"": 0.8868033564256894, ""456"": 0.8875949367836053}"
yelp_iid,ct_client_min5_f1_p10,scaffold,3,0.8862361760008834,0.00032416102501554964,0.8854309153739627,0.8870414366278042,"{""42"": 0.8865758381129087, ""123"": 0.8862025529012463, ""456"": 0.8859301369884952}"
yelp_iid,ct_client_min5_f1_p10,fedadam,3,0.9405318168908114,0.0007251916089342845,0.9387303410668129,0.94233329271481,"{""42"": 0.9412810486098014, ""123"": 0.9404810709791553, ""456"": 0.9398333310834776}"
yelp_iid,ct_client_min5_f1_p10,fedadagrad,3,0.94162746010134,0.000356125803587367,0.9407427945625213,0.9425121256401587,"{""42"": 0.9413282626877413, ""123"": 0.9415327510744249, ""456"": 0.9420213665418536}"
yelp_iid,ct_client_min5_f1_p10,fedyogi,3,0.9413203425459491,0.0007099026265486026,0.9395568466596691,0.9430838384322291,"{""42"": 0.9405155734839602, ""123"": 0.9415877389040177, ""456"": 0.9418577152498692}"
yelp_iid,ct_client_min5_f1_worst,centralized,3,0.9159640075124792,0.006723251610279849,0.8992625246417969,0.9326654903831615,"{""42"": 0.9171146953405017, ""123"": 0.9087396749267252, ""456"": 0.9220376522702104}"
yelp_iid,ct_client_min5_f1_worst,local_only,3,0.7470231934909942,0.05769525831785704,0.6037002265144287,0.8903461604675598,"{""42"": 0.7813278293773651, ""123"": 0.680412440474589, ""456"": 0.7793293106210284}"
yelp_iid,ct_client_min5_f1_worst,fedavg,3,0.8659264078839506,0.003678087575675913,0.8567895318300937,0.8750632839378075,"{""42"": 0.8654594952805689, ""123"": 0.8698156572158804, ""456"": 0.8625040711554024}"
yelp_iid,ct_client_min5_f1_worst,fedprox,3,0.8659264078839506,0.003678087575675913,0.8567895318300937,0.8750632839378075,"{""42"": 0.8654594952805689, ""123"": 0.8698156572158804, ""456"": 0.8625040711554024}"
yelp_iid,ct_client_min5_f1_worst,fednova,3,0.8659264078839506,0.003678087575675913,0.8567895318300937,0.8750632839378075,"{""42"": 0.8654594952805689, ""123"": 0.8698156572158804, ""456"": 0.8625040711554024}"
yelp_iid,ct_client_min5_f1_worst,scaffold,3,0.8665496575152215,0.0037176120291525024,0.857314597275947,0.875784717754496,"{""42"": 0.8673292441743816, ""123"": 0.8698156572158804, ""456"": 0.8625040711554024}"
yelp_iid,ct_client_min5_f1_worst,fedadam,3,0.9281147013877434,0.004810194188701019,0.9161655166027489,0.940063886172738,"{""42"": 0.9280303030303031, ""123"": 0.9233472617212946, ""456"": 0.9329665394116327}"
yelp_iid,ct_client_min5_f1_worst,fedadagrad,3,0.9258832850197095,0.0012150763403843286,0.9228648680599052,0.9289017019795138,"{""42"": 0.927284588203316, ""123"": 0.925122031829969, ""456"": 0.9252432350258437}"
yelp_iid,ct_client_min5_f1_worst,fedyogi,3,0.9291986952997348,0.006675049924891393,0.9126169520534958,0.9457804385459737,"{""42"": 0.9327040405203177, ""123"": 0.9215012175906032, ""456"": 0.9333908277882833}"
yelp_iid,ct_client_min5_f1_std,centralized,3,0.010207506727485464,0.0005045790507020908,0.00895406287907722,0.011460950575893709,"{""42"": 0.009905006175149524, ""123"": 0.010789999487976073, ""456"": 0.009927514519330794}"
yelp_iid,ct_client_min5_f1_std,local_only,3,0.023940552451223545,0.002403575930549889,0.017969738839089172,0.029911366063357918,"{""42"": 0.02227152961956658, ""123"": 0.02669546729979073, ""456"": 0.022854660434313327}"
yelp_iid,ct_client_min5_f1_std,fedavg,3,0.013265657828278205,0.0007962498213890222,0.011287663618991271,0.015243652037565138,"{""42"": 0.013788071233542856, ""123"": 0.013659681584005299, ""456"": 0.012349220667286461}"
yelp_iid,ct_client_min5_f1_std,fedprox,3,0.013336040917715133,0.0008515921687646261,0.011220568696255675,0.015451513139174592,"{""42"": 0.013788151802559564, ""123"": 0.013866230166352056, ""456"": 0.012353740784233782}"
yelp_iid,ct_client_min5_f1_std,fednova,3,0.013299323075310806,0.0008029897843798428,0.011304585869782573,0.01529406028083904,"{""42"": 0.013828630934633135, ""123"": 0.013693962317435226, ""456"": 0.012375375973864056}"
yelp_iid,ct_client_min5_f1_std,scaffold,3,0.013313123881885673,0.0008941615585379946,0.01109190343392399,0.015534344329847356,"{""42"": 0.013732511366575596, ""123"": 0.013920504491133757, ""456"": 0.012286355787947671}"
yelp_iid,ct_client_min5_f1_std,fedadam,3,0.009116357989278104,0.0010708813904237347,0.006456141142514876,0.011776574836041331,"{""42"": 0.009240706146047757, ""123"": 0.010119636915153373, ""456"": 0.007988730906633181}"
yelp_iid,ct_client_min5_f1_std,fedadagrad,3,0.009054086247292085,0.0009683371801529011,0.0066486033403842905,0.011459569154199881,"{""42"": 0.009881751862403136, ""123"": 0.009291332633566778, ""456"": 0.007989174245906342}"
yelp_iid,ct_client_min5_f1_std,fedyogi,3,0.008828632175848608,0.0007374000064472915,0.006996829011187955,0.01066043534050926,"{""42"": 0.008762483111897654, ""123"": 0.009596878113356341, ""456"": 0.008126535302291826}"
yelp_iid,rounds_to_target,fedavg,3,9.0,0.0,9.0,9.0,"{""42"": 9, ""123"": 9, ""456"": 9}"
yelp_iid,rounds_to_target,fedprox,3,9.333333333333334,0.5773502691896257,7.89911575675018,10.767550909916487,"{""42"": 10, ""123"": 9, ""456"": 9}"
yelp_iid,rounds_to_target,fednova,3,9.0,0.0,9.0,9.0,"{""42"": 9, ""123"": 9, ""456"": 9}"
yelp_iid,rounds_to_target,scaffold,3,9.333333333333334,0.5773502691896257,7.89911575675018,10.767550909916487,"{""42"": 10, ""123"": 9, ""456"": 9}"
yelp_iid,rounds_to_target,fedadam,3,2.3333333333333335,0.5773502691896258,0.8991157567501793,3.767550909916488,"{""42"": 3, ""123"": 2, ""456"": 2}"
yelp_iid,rounds_to_target,fedadagrad,3,5.0,0.0,5.0,5.0,"{""42"": 5, ""123"": 5, ""456"": 5}"
yelp_iid,rounds_to_target,fedyogi,3,2.6666666666666665,0.5773502691896258,1.2324490900835123,4.100884243249821,"{""42"": 3, ""123"": 3, ""456"": 2}"
yelp_iid,total_bytes,centralized,3,0.0,0.0,0.0,0.0,"{""42"": 0, ""123"": 0, ""456"": 0}"
yelp_iid,total_bytes,local_only,3,0.0,0.0,0.0,0.0,"{""42"": 0, ""123"": 0, ""456"": 0}"
yelp_iid,total_bytes,fedavg,3,1000020000.0,0.0,1000020000.0,1000020000.0,"{""42"": 1000020000, ""123"": 1000020000, ""456"": 1000020000}"
yelp_iid,total_bytes,fedprox,3,1000020000.0,0.0,1000020000.0,1000020000.0,"{""42"": 1000020000, ""123"": 1000020000, ""456"": 1000020000}"
yelp_iid,total_bytes,fednova,3,1000020000.0,0.0,1000020000.0,1000020000.0,"{""42"": 1000020000, ""123"": 1000020000, ""456"": 1000020000}"
yelp_iid,total_bytes,scaffold,3,2000040000.0,0.0,2000040000.0,2000040000.0,"{""42"": 2000040000, ""123"": 2000040000, ""456"": 2000040000}"
yelp_iid,total_bytes,fedadam,3,1000020000.0,0.0,1000020000.0,1000020000.0,"{""42"": 1000020000, ""123"": 1000020000, ""456"": 1000020000}"
yelp_iid,total_bytes,fedadagrad,3,1000020000.0,0.0,1000020000.0,1000020000.0,"{""42"": 1000020000, ""123"": 1000020000, ""456"": 1000020000}"
yelp_iid,total_bytes,fedyogi,3,1000020000.0,0.0,1000020000.0,1000020000.0,"{""42"": 1000020000, ""123"": 1000020000, ""456"": 1000020000}"
yelp_iid,wall_s,centralized,3,624.7466330363335,10.636479487860655,598.32415322028,651.169112852387,"{""42"": 630.6635663430001, ""123"": 612.4673766590001, ""456"": 631.1089561070003}"
yelp_iid,wall_s,local_only,3,484.4746494303333,23.466937274139557,426.1795455683637,542.7697532923029,"{""42"": 457.83323723700005, ""123"": 493.50892201099987, ""456"": 502.08178904299984}"
yelp_iid,wall_s,fedavg,3,614.3089521906664,25.217419350602132,551.6654097888131,676.9524945925198,"{""42"": 601.7022517979995, ""123"": 597.8807919309993, ""456"": 643.3438128430007}"
yelp_iid,wall_s,fedprox,3,604.5373448586666,10.63202641049217,578.1259271000375,630.9487626172958,"{""42"": 593.341447924, ""123"": 614.4975065789995, ""456"": 605.7730800730005}"
yelp_iid,wall_s,fednova,3,605.2819736116671,5.569706846280025,591.4460547914289,619.1178924319054,"{""42"": 600.2024070309999, ""123"": 611.2379151050009, ""456"": 604.4055986990006}"
yelp_iid,wall_s,scaffold,3,609.9513499486675,2.0800102090335204,604.7843181475816,615.1183817497533,"{""42"": 611.3131755619997, ""123"": 607.5571024640012, ""456"": 610.9837718200015}"
yelp_iid,wall_s,fedadam,3,607.676036186666,17.491933544911202,564.2236644163214,651.1284079570106,"{""42"": 591.9930106509983, ""123"": 626.5402424399999, ""456"": 604.494855469}"
yelp_iid,wall_s,fedadagrad,3,683.6021741110004,91.42020147892438,456.50180400139106,910.7025442206098,"{""42"": 787.5012386569997, ""123"": 647.8202492150012, ""456"": 615.4850344610004}"
yelp_iid,wall_s,fedyogi,3,613.5989541823334,27.687538821211472,544.8192948510107,682.3786135136561,"{""42"": 642.3894038769995, ""123"": 587.1649457269996, ""456"": 611.2425129430012}"
yelp_iid,val_f1_last10_std,fedavg,3,0.0015915346107241506,0.0001108608805540072,0.0013161409165820925,0.0018669283048662088,"{""42"": 0.0016768393040576665, ""123"": 0.0014662235270197028, ""456"": 0.0016315410010950826}"
yelp_iid,val_f1_last10_std,fedprox,3,0.001599341019469254,9.968304472287867e-05,0.0013517146088510563,0.0018469674300874515,"{""42"": 0.001658779398973846, ""123"": 0.001484257793456806, ""456"": 0.0016549858659771093}"
yelp_iid,val_f1_last10_std,fednova,3,0.001587048395081533,0.0001133618719000357,0.0013054418940200443,0.0018686548961430217,"{""42"": 0.0016771029094509468, ""123"": 0.0014597499258482188, ""456"": 0.001624292349945433}"
yelp_iid,val_f1_last10_std,scaffold,3,0.0015950444519649547,8.504306081775988e-05,0.0013837857774648805,0.001806303126465029,"{""42"": 0.0016803278527404526, ""123"": 0.0015102437862509841, ""456"": 0.0015945617169034277}"
yelp_iid,val_f1_last10_std,fedadam,3,0.0001749055710381286,4.653258139127602e-05,5.931223077896819e-05,0.00029049891129728897,"{""42"": 0.00013323021204190289, ""123"": 0.00016637227046513192, ""456"": 0.0002251142306073509}"
yelp_iid,val_f1_last10_std,fedadagrad,3,0.0001535876511156315,1.0405975994601325e-05,0.0001277377737198737,0.00017943752851138929,"{""42"": 0.00016379672840453546, ""123"": 0.0001539708617440698, ""456"": 0.00014299536319828922}"
yelp_iid,val_f1_last10_std,fedyogi,3,0.00044736036730262603,5.020430684723383e-05,0.00032264595537112714,0.0005720747792341249,"{""42"": 0.0005002348919386573, ""123"": 0.0004003394729096703, ""456"": 0.00044150673705955064}"
